ID(序號),Longitude(經度),Latitude(緯度),Name(自行車道名稱),Description(路程描述)
1,121.510556,25.02845552,三元街(西南側),"編號：TP2329
名稱：三元街(西南側)
縣市別：台北市
起點描述：南海路
迄點描述：泉州街"
2,121.5152975,25.1055935,文林北路75巷南側,"編號：TP2330
名稱：文林北路75巷南側
縣市別：台北市
起點描述：文林國小
迄點描述：中正高中"
3,121.5191695,25.1092235,明德路(北側),"編號：TP2331
名稱：明德路(北側)
縣市別：台北市
起點描述：東華街1段
迄點描述：西安街1段"
4,121.603829,25.057651,重陽路興南街口,"編號：TP2332
名稱：重陽路興南街口
縣市別：台北市
起點描述：興南公園北側
迄點描述：興南街"
5,121.5631425,25.0584925,民生圓環(民生東路與三民路口)1,"編號：TP2333
名稱：民生圓環(民生東路與三民路口)
縣市別：台北市
起點描述：三民路
迄點描述：民生東路5段"
6,121.5630715,25.0592085,民生圓環(民生東路與三民路口)2,"編號：TP2333
名稱：民生圓環(民生東路與三民路口)
縣市別：台北市
起點描述：三民路
迄點描述：民生東路5段"
7,121.5637435,25.059233,民生圓環(民生東路與三民路口)3,"編號：TP2333
名稱：民生圓環(民生東路與三民路口)
縣市別：台北市
起點描述：三民路
迄點描述：民生東路5段"
8,121.5638105,25.058591,民生圓環(民生東路與三民路口)4,"編號：TP2333
名稱：民生圓環(民生東路與三民路口)
縣市別：台北市
起點描述：三民路
迄點描述：民生東路5段"
9,121.5003888,25.03571614,艋舺公園周邊,"編號：TP2335
名稱：艋舺公園周邊
縣市別：台北市
起點描述：廣州街
迄點描述：和平西路"
10,121.6141055,25.0565735,三重路與新民街口(東側),"編號：TP2336
名稱：三重路與新民街口(東側)
縣市別：台北市
起點描述：經貿二路62巷
迄點描述：新民街"
11,121.6167201,25.03558363,研究院路3段(凌雲街、軍人公墓),"編號：TP2337
名稱：研究院路3段(凌雲街、軍人公墓)
縣市別：台北市
起點描述：研究院路3段2巷
迄點描述：研究院路3段203號"
12,121.6185185,25.04657353,民權街2段,"編號：TP2338
名稱：民權街2段
縣市別：台北市
起點描述：研究院路2段61巷
迄點描述：弘道街"
13,121.590575,25.0463145,東新街(南側),"編號：TP2339
名稱：東新街(南側)
縣市別：台北市
起點描述：東新街168巷
迄點描述：東新街170號"
14,121.5864947,25.04685055,忠孝醫院周邊,"編號：TP2340
名稱：忠孝醫院周邊
縣市別：台北市
起點描述：東新街63巷
迄點描述：東新街"
15,121.6191112,25.05318364,誠正國中周邊,"編號：TP2341
名稱：誠正國中周邊
縣市別：台北市
起點描述：校園周邊道路
迄點描述：校園周邊道路"
16,121.61998,25.0584025,經貿一路,"編號：TP2342
名稱：經貿一路
縣市別：台北市
起點描述：南港路一段
迄點描述：經園街"
17,121.605059,25.05787301,重陽路,"編號：TP2343
名稱：重陽路
縣市別：台北市
起點描述：園區街58巷
迄點描述：重陽路39巷"
18,121.613557,25.066295,康寧路3段245巷,"編號：TP2344
名稱：康寧路3段245巷
縣市別：台北市
起點描述：安康路
迄點描述：五分街14巷"
19,121.534501,25.1187065,天母東路69巷,"編號：TP2345
名稱：天母東路69巷
縣市別：台北市
起點描述：天母東路
迄點描述：天母東路69巷12弄"
20,121.5069785,25.125956,公舘路228巷北側,"編號：TP2346
名稱：公舘路228巷北側
縣市別：台北市
起點描述：公館路306巷
迄點描述：公館路"
21,121.5035868,25.13155834,磺港路、大興街,"編號：TP2347
名稱：磺港路、大興街
縣市別：台北市
起點描述：公館路
迄點描述：新市街"
22,121.4970625,25.13612994,捷運新北投站周遭,"編號：TP2348
名稱：捷運新北投站周遭
縣市別：台北市
起點描述：豐年路2段
迄點描述：中和街"
23,121.502546,25.1381805,中和街,"編號：TP2349
名稱：中和街
縣市別：台北市
起點描述：大業路
迄點描述：復興一路"
24,121.530153,25.044757,金山北路,"編號：TP2350
名稱：金山北路
縣市別：台北市
起點描述：八德路1段
迄點描述：市民大道2段"
25,121.545238,25.0182365,基隆路3段22巷附近,"編號：TP2351
名稱：基隆路3段22巷附近
縣市別：台北市
起點描述：辛亥路3段
迄點描述：長興街"
26,121.5273274,25.01818756,汀州路3段與辛亥路口(西南側),"編號：TP2352
名稱：汀州路3段與辛亥路口(西南側)
縣市別：台北市
起點描述：汀洲路3段4號
迄點描述：汀洲路3段10號"
27,121.5529375,25.05492849,健康路15巷,"編號：TP2353
名稱：健康路15巷
縣市別：台北市
起點描述：民生東路4段80巷15弄
迄點描述：光復北路190巷"
28,121.4910951,25.03403651,華江國小周遭,"編號：TP2354
名稱：華江國小周遭
縣市別：台北市
起點描述：校園周邊道路
迄點描述：校園周邊道路"
29,121.5045535,25.0203105,青年路與水源路交叉口,"編號：TP2355
名稱：青年路與水源路交叉口
縣市別：台北市
起點描述：青年公園南側
迄點描述：青年路152巷"
30,121.5403705,25.00403249,興隆路1段(南側),"編號：TP2356
名稱：興隆路1段(南側)
縣市別：台北市
起點描述：興隆路1段70巷
迄點描述：興隆路1段16巷"
31,121.5556455,24.9883565,木柵路1段,"編號：TP2357
名稱：木柵路1段
縣市別：台北市
起點描述：光輝路
迄點描述：木柵路1段323號"
32,121.5686855,24.990682,木柵路三段169巷,"編號：TP2358
名稱：木柵路三段169巷
縣市別：台北市
起點描述：木柵路3段
迄點描述：秀明路1段"
33,121.60347,25.0620395,安康路228巷,"編號：TP2359
名稱：安康路228巷
縣市別：台北市
起點描述：安康路
迄點描述：潭美街"
34,121.5912285,25.0440105,南港公園,"編號：TP2360
名稱：南港公園
縣市別：台北市
起點描述：公園內道路
迄點描述：公園內道路"
35,121.511809,25.02773851,三元街(西南側1),"編號：TP2001
名稱：三元街(西南側1)
縣市別：台北市
起點描述：泉州街
迄點描述：寧波西街"
36,121.5092315,25.02907253,三元街(西南側2),"編號：TP2002
名稱：三元街(西南側2)
縣市別：台北市
起點描述：泉州街
迄點描述：和平西路二段104巷"
37,121.5091025,25.02947351,三元街(東北側2),"編號：TP2003
名稱：三元街(東北側2)
縣市別：台北市
起點描述：和平西路二段104巷
迄點描述：和平西路二段98巷"
38,121.5087215,25.02903148,南海路(東側),"編號：TP2004
名稱：南海路(東側)
縣市別：台北市
起點描述：三元街
迄點描述：汀州路1段"
39,121.563466,25.05739686,三民路 (西側),"編號：TP2005
名稱：三民路 (西側)
縣市別：台北市
起點描述：民權東路
迄點描述：南京東路"
40,121.5637275,25.0585575,三民路 (東側),"編號：TP2006
名稱：三民路 (東側)
縣市別：台北市
起點描述：民權東路
迄點描述：健康路"
41,121.56042,25.076914,上塔悠433號帶狀公園之廊帶,"編號：TP2007
名稱：上塔悠433號帶狀公園之廊帶
縣市別：台北市
起點描述：樂群二路266巷
迄點描述：明水路"
42,121.533822,25.111217,士東路200巷,"編號：TP2008
名稱：士東路200巷
縣市別：台北市
起點描述：士東路
迄點描述：德行東路"
43,121.5201885,25.090678,士商路(東側),"編號：TP2009
名稱：士商路(東側)
縣市別：台北市
起點描述：中正路
迄點描述：承德路5段"
44,121.516967,25.0943875,士商路西側人行道,"編號：TP2010
名稱：士商路西側人行道
縣市別：台北市
起點描述：中正路
迄點描述：臺灣科教館"
45,121.499008,25.1342645,育仁路(南),"編號：TP2011
名稱：育仁路(南)
縣市別：台北市
起點描述：中央北路1段
迄點描述：豐年路1段"
46,121.5467205,25.0803455,大直街西側人行道,"編號：TP2012
名稱：大直街西側人行道
縣市別：台北市
起點描述：北安路
迄點描述：大直街2巷"
47,121.522137,25.089376,大南路北側人行道,"編號：TP2013
名稱：大南路北側人行道
縣市別：台北市
起點描述：基河路
迄點描述：承德路"
48,121.4655365,25.12363651,大度路3段(北側),"編號：TP2014
名稱：大度路3段(北側)
縣市別：台北市
起點描述：中央北路
迄點描述：立德路"
49,121.601303,25.08740495,大湖山莊街周邊,"編號：TP2015
名稱：大湖山莊街周邊
縣市別：台北市
起點描述：219巷
迄點描述：168巷"
50,121.4968405,25.131796,大業路452巷人行道,"編號：TP2016
名稱：大業路452巷人行道
縣市別：台北市
起點描述：大業路
迄點描述：北投路2段"
51,121.495807,25.13303045,大業路人行道,"編號：TP2017
名稱：大業路人行道
縣市別：台北市
起點描述：大業路452巷
迄點描述：大業路525巷"
52,121.5159945,25.0672265,大龍街1,"編號：TP2018
名稱：大龍街1
縣市別：台北市
起點描述：民族西路
迄點描述：昌吉街"
53,121.515957,25.072506,大龍街2,"編號：TP2019
名稱：大龍街2
縣市別：台北市
起點描述：哈密街
迄點描述：酒泉街"
54,121.5255625,25.0761135,中山北路(東側1),"編號：TP2020
名稱：中山北路(東側1)
縣市別：台北市
起點描述：忠誠路
迄點描述：市民大道"
55,121.5205855,25.0473325,中山北路(東側),"編號：TP2021
名稱：中山北路(東側)
縣市別：台北市
起點描述：市民大道
迄點描述：忠孝東路"
56,121.517077,25.0377535,中山南路(西側1),"編號：TP2022
名稱：中山南路(西側1)
縣市別：台北市
起點描述：信義路1段
迄點描述：愛國西路"
57,121.520724,25.09393598,中正路(北側),"編號：TP2023
名稱：中正路(北側)
縣市別：台北市
起點描述：承德路5段
迄點描述：雨農路"
58,121.552525,25.053375,中華公園周邊,"編號：TP2024
名稱：中華公園周邊
縣市別：台北市
起點描述：敦化北路145巷
迄點描述：民生東路4段80巷"
59,121.5104995,25.024492,中華路2段(南側),"編號：TP2025
名稱：中華路2段(南側)
縣市別：台北市
起點描述：寧波西街
迄點描述：中華路2段467巷"
60,121.503653,25.02952517,中華路2段300巷13弄,"編號：TP2026
名稱：中華路2段300巷13弄
縣市別：台北市
起點描述：西藏路
迄點描述：中華路2段364巷"
61,121.5391035,25.0642585,五常街(榮星公園北側)南側,"編號：TP2027
名稱：五常街(榮星公園北側)南側
縣市別：台北市
起點描述：建國北路3段
迄點描述：龍江路"
62,121.5031445,25.0416605,內江街(北側),"編號：TP2028
名稱：內江街(北側)
縣市別：台北市
起點描述：康定路
迄點描述：昆明街"
63,121.5713251,25.08121548,內湖路1段(南側),"編號：TP2029
名稱：內湖路1段(南側)
縣市別：台北市
起點描述：內湖路1段91巷
迄點描述：文德路"
64,121.5912605,25.082718,內湖路2段1,"編號：TP2030
名稱：內湖路2段1
縣市別：台北市
起點描述：成功路3段174巷
迄點描述：金龍路"
65,121.5889335,25.0816275,內湖路2段2,"編號：TP2031
名稱：內湖路2段2
縣市別：台北市
起點描述：內湖路2段179巷
迄點描述：成功路3段174巷"
66,121.583911,25.08024249,內湖路2段(北側),"編號：TP2032
名稱：內湖路2段(北側)
縣市別：台北市
起點描述：文德路101巷
迄點描述：內湖路2段179巷"
67,121.5811175,25.08336413,內湖路2段103巷(東側),"編號：TP2033
名稱：內湖路2段103巷(東側)
縣市別：台北市
起點描述：環山路3段
迄點描述：內湖路2段"
68,121.5162245,25.04213252,公園路,"編號：TP2034
名稱：公園路
縣市別：台北市
起點描述：襄陽路
迄點描述：貴陽街1段"
69,121.5158595,25.0403805,公園路（東側1）,"編號：TP2035
名稱：公園路（東側1）
縣市別：台北市
起點描述：凱達格蘭大道
迄點描述：常德街"
70,121.5151015,25.03658432,公園路(東側2),"編號：TP2036
名稱：公園路(東側2)
縣市別：台北市
起點描述：凱達格蘭大道
迄點描述：愛國西路"
71,121.5219185,25.046045,天津街(東側),"編號：TP2037
名稱：天津街(東側)
縣市別：台北市
起點描述：北平東路
迄點描述：忠孝東路1段"
72,121.5168115,25.055903,太原路,"編號：TP2038
名稱：太原路
縣市別：台北市
起點描述：五原路
迄點描述：平陽街"
73,121.521415,25.095693,文昌路,"編號：TP2039
名稱：文昌路
縣市別：台北市
起點描述：中正路
迄點描述：美崙街"
74,121.516557,25.1063155,文林北路東側人行道,"編號：TP2040
名稱：文林北路東側人行道
縣市別：台北市
起點描述：福國路
迄點描述：承德路7段"
75,121.520382,25.1024175,文林路(西側),"編號：TP2041
名稱：文林路(西側)
縣市別：台北市
起點描述：德行西路
迄點描述：福國路"
76,121.56371,25.085016,文湖街60巷,"編號：TP2042
名稱：文湖街60巷
縣市別：台北市
起點描述：環山路1段24巷
迄點描述：環山路1段28巷"
77,121.5871975,25.07879951,文德路(北側),"編號：TP2043
名稱：文德路(北側)
縣市別：台北市
起點描述：內湖路2段
迄點描述：成功路3段"
78,121.575922,25.00203893,木柵路4段159巷16弄(西側),"編號：TP2044
名稱：木柵路4段159巷16弄(西側)
縣市別：台北市
起點描述：博嘉國小
迄點描述：木柵路4段159巷"
79,121.5707185,24.989902,木新路1段,"編號：TP2045
名稱：木新路1段
縣市別：台北市
起點描述：木柵路3段
迄點描述：開元街"
80,121.559487,24.98062549,木新路3段155巷,"編號：TP2046
名稱：木新路3段155巷
縣市別：台北市
起點描述：一囊街3巷
迄點描述：木新路3段95巷52弄"
81,121.5063265,25.0214265,水源路(北側),"編號：TP2047
名稱：水源路(北側)
縣市別：台北市
起點描述：青年路
迄點描述：國興路"
82,121.522172,25.0467765,北平東路(北側),"編號：TP2048
名稱：北平東路(北側)
縣市別：台北市
起點描述：中山北路1段
迄點描述：林森北路"
83,121.548613,25.08163203,北安路(西北側),"編號：TP2049
名稱：北安路(西北側)
縣市別：台北市
起點描述：明水路
迄點描述：中山高速公路"
84,121.5539874,25.08551852,北安路(北側),"編號：TP2050
名稱：北安路(北側)
縣市別：台北市
起點描述：文湖街
迄點描述：明水路"
85,121.5458075,25.07869349,北安路458巷41弄(南側),"編號：TP2051
名稱：北安路458巷41弄(南側)
縣市別：台北市
起點描述：北安路
迄點描述：明水路"
86,121.5006455,25.1269905,北投路1段,"編號：TP2052
名稱：北投路1段
縣市別：台北市
起點描述：三合街2段
迄點描述：大業路280巷"
87,121.5835434,25.04960501,市民大道(北側),"編號：TP2053
名稱：市民大道(北側)
縣市別：台北市
起點描述：研究院路
迄點描述：環河北路(淡3水門)"
88,121.5279905,25.04668149,市民大道1至4段(南側),"編號：TP2054
名稱：市民大道1至4段(南側)
縣市別：台北市
起點描述：延平北路1段
迄點描述：光復南路"
89,121.559256,25.0455615,市民大道4段(南側1),"編號：TP2055
名稱：市民大道4段(南側1)
縣市別：台北市
起點描述：光復南路
迄點描述：東寧路"
90,121.567379,25.0485675,市民大道4段(南側2),"編號：TP2056
名稱：市民大道4段(南側2)
縣市別：台北市
起點描述：東興路
迄點描述：基隆路1段"
91,121.596928,25.0516225,市民大道6~8段(南側),"編號：TP2057
名稱：市民大道6~8段(南側)
縣市別：台北市
起點描述：基隆路
迄點描述：研究院路"
92,121.5585645,25.0586235,民生東路3~5段(北側),"編號：TP2058
名稱：民生東路3~5段(北側)
縣市別：台北市
起點描述：光復北路
迄點描述：新東街"
93,121.5546658,25.0580685,民生東路3~5段(南側),"編號：TP2059
名稱：民生東路3~5段(南側)
縣市別：台北市
起點描述：復興北路
迄點描述：新東街"
94,121.537329,25.0680685,民族東路,"編號：TP2060
名稱：民族東路
縣市別：台北市
起點描述：410巷
迄點描述：建國北路3段113巷"
95,121.5258185,25.0684765,民族東路北側人行道,"編號：TP2061
名稱：民族東路北側人行道
縣市別：台北市
起點描述：美術公園
迄點描述：新生北路"
96,121.5237775,25.062581,民權西路至民權東路5段(雙側),"編號：TP2062
名稱：民權西路至民權東路5段(雙側)
縣市別：台北市
起點描述：延平北路2段
迄點描述：塔悠路"
97,121.5966391,25.06782999,民權東路6段(南北側),"編號：TP2063
名稱：民權東路6段(南北側)
縣市別：台北市
起點描述：行愛路
迄點描述：民權隧道"
98,121.5148485,25.0259715,汀州路2段,"編號：TP2064
名稱：汀州路2段
縣市別：台北市
起點描述：泉州街
迄點描述：汀州路2段6巷"
99,121.536004,25.00551199,汀州路4段（東側）,"編號：TP2065
名稱：汀州路4段（東側）
縣市別：台北市
起點描述：羅斯福路5段170巷
迄點描述：汀州路4段105巷"
100,121.5839848,25.04256926,玉成公園周邊,"編號：TP2066
名稱：玉成公園周邊
縣市別：台北市
起點描述：玉成街
迄點描述：中坡南路"
101,121.520505,25.07267244,玉門街,"編號：TP2067
名稱：玉門街
縣市別：台北市
起點描述：敦煌路
迄點描述：庫倫街"
102,121.5143143,25.11572643,石牌國小周遭,"編號：TP2068
名稱：石牌國小周遭
縣市別：台北市
起點描述：致遠二路
迄點描述：石牌路1段"
103,121.5176055,25.11805943,石牌路2段(南側),"編號：TP2069
名稱：石牌路2段(南側)
縣市別：台北市
起點描述：90巷
迄點描述：天母西路"
104,121.5566558,25.05332196,光復北路 (兩側),"編號：TP2070
名稱：光復北路 (兩側)
縣市別：台北市
起點描述：民權東路
迄點描述：市民大道"
105,121.554385,25.054599,光復北路190巷 (北側),"編號：TP2071
名稱：光復北路190巷 (北側)
縣市別：台北市
起點描述：健康路15巷
迄點描述：光復北路"
106,121.554299,25.056151,光復北路230巷 (南側),"編號：TP2072
名稱：光復北路230巷 (南側)
縣市別：台北市
起點描述：健康路15巷
迄點描述：光復北路"
107,121.557485,25.039571,光復南路(西側),"編號：TP2073
名稱：光復南路(西側)
縣市別：台北市
起點描述：忠孝東路4段
迄點描述：仁愛路4段"
108,121.5953535,25.05247946,向陽路(東西側),"編號：TP2074
名稱：向陽路(東西側)
縣市別：台北市
起點描述：南港路2段
迄點描述：忠孝東路7段"
109,121.509863,25.061343,安西街(東側),"編號：TP2075
名稱：安西街(東側)
縣市別：台北市
起點描述：延平北路2段272巷
迄點描述：涼州街"
110,121.5501085,25.039045,安和路1段 (西側),"編號：TP2076
名稱：安和路1段 (西側)
縣市別：台北市
起點描述：敦化南路
迄點描述：仁愛路"
111,121.552547,25.03140852,安和路1段 (兩側),"編號：TP2077
名稱：安和路1段 (兩側)
縣市別：台北市
起點描述：仁愛路
迄點描述：和平東路3段"
112,121.5928733,25.055614,成功路1段(東西側),"編號：TP2078
名稱：成功路1段(東西側)
縣市別：台北市
起點描述：南港路
迄點描述：成功橋"
113,121.5899904,25.06119018,成功路2段(西側),"編號：TP2079
名稱：成功路2段(西側)
縣市別：台北市
起點描述：新明路
迄點描述：南京東路6段"
114,121.596623,25.0841245,成功路4段223巷口,"編號：TP2080
名稱：成功路4段223巷口
縣市別：台北市
起點描述：成功路4段
迄點描述：成功路4段223巷6弄"
115,121.5795885,25.066419,行忠路(行愛路東側),"編號：TP2081
名稱：行忠路(行愛路東側)
縣市別：台北市
起點描述：行愛路
迄點描述：行忠路66巷"
116,121.585393,25.06435603,行善路(西北側),"編號：TP2082
名稱：行善路(西北側)
縣市別：台北市
起點描述：新湖路1段338巷
迄點描述：金豐街"
117,121.581513,25.059925,行善路(兩側)1,"編號：TP2083
名稱：行善路(兩側)
縣市別：台北市
起點描述：舊宗路1段
迄點描述：行善路231巷"
118,121.582165,25.060046,行善路(兩側)2,"編號：TP2083
名稱：行善路(兩側)
縣市別：台北市
起點描述：舊宗路1段
迄點描述：行善路231巷"
119,121.499385,25.03601611,西園路1段(東側),"編號：TP2084
名稱：西園路1段(東側)
縣市別：台北市
起點描述：廣州街
迄點描述：和平西路3段"
120,121.5055205,25.0444445,西寧南路50巷,"編號：TP2085
名稱：西寧南路50巷
縣市別：台北市
起點描述：昆明街
迄點描述：武昌街2段82巷"
121,121.4962924,25.0288144,西藏路（南側1）,"編號：TP2086
名稱：西藏路（南側1）
縣市別：台北市
起點描述：西園路2段
迄點描述：西藏路199巷"
122,121.5054955,25.03021449,西藏路(南側2),"編號：TP2087
名稱：西藏路(南側2)
縣市別：台北市
起點描述：中華路2段
迄點描述：汀州路1段"
123,121.56888,24.99148699,秀明路1段(南側),"編號：TP2089
名稱：秀明路1段(南側)
縣市別：台北市
起點描述：木柵路3段169巷
迄點描述：木柵路3段"
124,121.5308069,25.02066749,辛亥路(雙側人行道),"編號：TP2090
名稱：辛亥路(雙側人行道)
縣市別：台北市
起點描述：羅斯福路
迄點描述：新生南路"
125,121.5279913,25.0189915,辛亥路1段(雙側),"編號：TP2091
名稱：辛亥路1段(雙側)
縣市別：台北市
起點描述：羅斯福路3段
迄點描述：汀州路3段"
126,121.5480455,25.0182425,辛亥路3段(北側1),"編號：TP2092
名稱：辛亥路3段(北側1)
縣市別：台北市
起點描述：基隆路
迄點描述：芳蘭路"
127,121.5509565,25.015429,辛亥路3段(南側),"編號：TP2093
名稱：辛亥路3段(南側)
縣市別：台北市
起點描述：芳蘭路
迄點描述：第2殯遺館"
128,121.5210591,25.02690249,和平西路1段(北側),"編號：TP2094
名稱：和平西路1段(北側)
縣市別：台北市
起點描述：重慶南路3段
迄點描述：羅斯福路2段"
129,121.5206246,25.02661501,和平西路1段(南側),"編號：TP2095
名稱：和平西路1段(南側)
縣市別：台北市
起點描述：廈門街
迄點描述：羅斯福路2段"
130,121.5104455,25.029971,和平西路2段(北側),"編號：TP2096
名稱：和平西路2段(北側)
縣市別：台北市
起點描述：延平南路
迄點描述：和平西路2段31巷"
131,121.495342,25.0354775,和平西路3段(北側1),"編號：TP2097
名稱：和平西路3段(北側1)
縣市別：台北市
起點描述：環河南路2段
迄點描述：和平西路3段218巷"
132,121.4998735,25.0353515,和平西路3段(北側2),"編號：TP2098
名稱：和平西路3段(北側2)
縣市別：台北市
起點描述：西園路1段
迄點描述：和平西路3段109巷"
133,121.5017485,25.035074,和平西路3段(南側),"編號：TP2099
名稱：和平西路3段(南側)
縣市別：台北市
起點描述：康定路
迄點描述：和平西路三段88巷"
134,121.535093,25.025823,和平東路1至2段(兩側),"編號：TP2100
名稱：和平東路1至2段(兩側)
縣市別：台北市
起點描述：羅斯福路2段
迄點描述：復興南路2段"
135,121.5395935,25.02444301,和平東路2段76巷,"編號：TP2101
名稱：和平東路2段76巷
縣市別：台北市
起點描述：和平東路2段
迄點描述：辛亥路2段"
136,121.553524,25.02327449,和平東路3段(南側),"編號：TP2102
名稱：和平東路3段(南側)
縣市別：台北市
起點描述：基隆路
迄點描述：嘉興街"
137,121.5478605,25.0247135,和平東路(兩側)1,"編號：TP2103
名稱：和平東路(兩側)
縣市別：台北市
起點描述：基隆路(北側)&臥龍街(南側)
迄點描述：復興南路"
138,121.550637,25.0228015,和平東路(兩側)2,"編號：TP2103
名稱：和平東路(兩側)
縣市別：台北市
起點描述：基隆路(北側)&臥龍街(南側)
迄點描述：復興南路"
139,121.509135,25.040373,延平南路(東側1),"編號：TP2104
名稱：延平南路(東側1)
縣市別：台北市
起點描述：寶慶路
迄點描述：貴陽街1段"
140,121.5085025,25.03803,延平南路(東側2),"編號：TP2105
名稱：延平南路(東側2)
縣市別：台北市
起點描述：中華路1段85巷
迄點描述：延平南路133巷"
141,121.5118524,25.04798405,忠孝西路(兩側)1,"編號：TP2106
名稱：忠孝西路(兩側)
縣市別：台北市
起點描述：延平北路
迄點描述：重慶北路"
142,121.5125081,25.04724798,忠孝西路(兩側)2,"編號：TP2106
名稱：忠孝西路(兩側)
縣市別：台北市
起點描述：延平北路
迄點描述：重慶北路"
143,121.5069865,25.048978,忠孝西路2段(北側),"編號：TP2107
名稱：忠孝西路2段(北側)
縣市別：台北市
起點描述：西寧北路
迄點描述：環河北路"
144,121.5273881,25.0436515,忠孝東路1至4段(兩側),"編號：TP2108
名稱：忠孝東路1至4段(兩側)
縣市別：台北市
起點描述：中山北路
迄點描述：基隆路1段"
145,121.5850675,25.04807049,忠孝東路6段,"編號：TP2109
名稱：忠孝東路6段
縣市別：台北市
起點描述：昆陽街
迄點描述：永吉路"
146,121.5833145,25.045938,忠孝東路6段(東南側),"編號：TP2110
名稱：忠孝東路6段(東南側)
縣市別：台北市
起點描述：東新街
迄點描述：玉成街"
147,121.6003377,25.0514265,忠孝東路7段(南北側),"編號：TP2111
名稱：忠孝東路7段(南北側)
縣市別：台北市
起點描述：向陽路
迄點描述：捷運南港站"
148,121.609615,25.052516,忠孝東路7段人行道,"編號：TP2112
名稱：忠孝東路7段人行道
縣市別：台北市
起點描述：捷運南港站
迄點描述：忠孝東路7段527巷"
149,121.5306548,25.1115029,忠誠路(兩側),"編號：TP2113
名稱：忠誠路(兩側)
縣市別：台北市
起點描述：中山北路
迄點描述：天母東西路"
150,121.5182333,25.06708645,承德路2至3段(東西側),"編號：TP2114
名稱：承德路2至3段(東西側)
縣市別：台北市
起點描述：承德橋
迄點描述：南京西路"
151,121.523254,25.0876175,承德路4段179巷南側人行道,"編號：TP2115
名稱：承德路4段179巷南側人行道
縣市別：台北市
起點描述：基河路
迄點描述：承德路"
152,121.5226237,25.088564,承德路4段195巷兩側人行道,"編號：TP2116
名稱：承德路4段195巷兩側人行道
縣市別：台北市
起點描述：基河路
迄點描述：承德路"
153,121.523336,25.08592545,承德路4段東側人行道,"編號：TP2117
名稱：承德路4段東側人行道
縣市別：台北市
起點描述：劍潭路
迄點描述：承德路4段195巷"
154,121.515194,25.093693,承德路5段(東西側)1,"編號：TP2118
名稱：承德路5段(東西側)
縣市別：台北市
起點描述：士商路
迄點描述：中正路"
155,121.5146575,25.0937175,承德路5段(東西側)2,"編號：TP2118
名稱：承德路5段(東西側)
縣市別：台北市
起點描述：士商路
迄點描述：中正路"
156,121.5047335,25.116786,承德路7段(東側),"編號：TP2119
名稱：承德路7段(東側)
縣市別：台北市
起點描述：石牌路
迄點描述：大度路"
157,121.5062618,25.04831675,昆明街(東西側),"編號：TP2120
名稱：昆明街(東西側)
縣市別：台北市
起點描述：忠孝西路2段
迄點描述：洛陽街"
158,121.541619,25.0777475,明水路(北側),"編號：TP2121
名稱：明水路(北側)
縣市別：台北市
起點描述：北安路
迄點描述：大直橋"
159,121.5516095,25.08178402,明水路(東側),"編號：TP2122
名稱：明水路(東側)
縣市別：台北市
起點描述：明水路672巷
迄點描述：樂群一路"
160,121.5260305,25.0415155,杭州南路1段(西側),"編號：TP2123
名稱：杭州南路1段(西側)
縣市別：台北市
起點描述：青島東路
迄點描述：徐州路"
161,121.5225635,25.032847,杭州南路2段(西側),"編號：TP2124
名稱：杭州南路2段(西側)
縣市別：台北市
起點描述：金華街
迄點描述：信義路1段"
162,121.4956339,25.02777163,東園街東側及東園街35巷北側,"編號：TP2125
名稱：東園街東側及東園街35巷北側
縣市別：台北市
起點描述：西藏路
迄點描述：東園街67巷"
163,121.582931,25.0506035,東新街(西側),"編號：TP2126
名稱：東新街(西側)
縣市別：台北市
起點描述：八德路4段
迄點描述：市民大道7段"
164,121.533065,25.06252449,松江路(東西側),"編號：TP2127
名稱：松江路(東西側)
縣市別：台北市
起點描述：農安街
迄點描述：錦州街"
165,121.5331443,25.0492954,松江路人行道,"編號：TP2128
名稱：松江路人行道
縣市別：台北市
起點描述：錦州街
迄點描述：市民大道"
166,121.565416,25.0312235,松智路(東側1),"編號：TP2129
名稱：松智路(東側1)
縣市別：台北市
起點描述：松平路
迄點描述：松勤街"
167,121.565423,25.031715,松智路(東側),"編號：TP2130
名稱：松智路(東側)
縣市別：台北市
起點描述：松勤街
迄點描述：松智路29巷"
168,121.5235255,25.0456175,林森北路(西側),"編號：TP2131
名稱：林森北路(西側)
縣市別：台北市
起點描述：北平東路
迄點描述：忠孝東路1段"
169,121.5240375,25.0469975,林森北路(東側),"編號：TP2132
名稱：林森北路(東側)
縣市別：台北市
起點描述：市民大道
迄點描述：北平東路"
170,121.521771,25.039829,林森南路(西側),"編號：TP2133
名稱：林森南路(西側)
縣市別：台北市
起點描述：濟南路1段
迄點描述：信義路1段"
171,121.5017055,25.09090147,社中街,"編號：TP2134
名稱：社中街
縣市別：台北市
起點描述：延平北路6段
迄點描述：延平北路6段258巷"
172,121.5478645,25.0159115,臥龍街(兩側),"編號：TP2135
名稱：臥龍街(兩側)
縣市別：台北市
起點描述：辛亥路3段157巷
迄點描述：基隆路3段"
173,121.5478645,25.0159115,芳蘭路西側人行道,"編號：TP2136
名稱：芳蘭路西側人行道
縣市別：台北市
起點描述：辛亥路
迄點描述：長興街"
174,121.5281254,25.03704319,金山南路1段(兩側),"編號：TP2137
名稱：金山南路1段(兩側)
縣市別：台北市
起點描述：仁愛路2段
迄點描述：信義路2段"
175,121.5262809,25.02918868,金山南路2段(兩側),"編號：TP2138
名稱：金山南路2段(兩側)
縣市別：台北市
起點描述：愛國東路
迄點描述：和平東路1段"
176,121.6011535,25.0731995,金湖路363巷(南側),"編號：TP2139
名稱：金湖路363巷(南側)
縣市別：台北市
起點描述：金湖路
迄點描述：民權東6段191巷"
177,121.521637,25.031221,金華街(北側),"編號：TP2140
名稱：金華街(北側)
縣市別：台北市
起點描述：愛國東路116巷
迄點描述：杭州南路2段"
178,121.519172,25.032232,金華街(南側),"編號：TP2141
名稱：金華街(南側)
縣市別：台北市
起點描述：羅斯福路1段
迄點描述：寧波東街"
179,121.510809,25.0401375,長沙街(北側),"編號：TP2142
名稱：長沙街(北側)
縣市別：台北市
起點描述：桃源街
迄點描述：博愛路"
180,121.5110283,25.0401055,長沙街1段 (雙側),"編號：TP2143
名稱：長沙街1段 (雙側)
縣市別：台北市
起點描述：延平南路
迄點描述：桃源街"
181,121.532151,25.097511,雨農路西側人行道,"編號：TP2144
名稱：雨農路西側人行道
縣市別：台北市
起點描述：福志路
迄點描述：中正路"
182,121.528754,25.10256851,雨聲街,"編號：TP2145
名稱：雨聲街
縣市別：台北市
起點描述：雨聲街
迄點描述：至誠路2段"
183,121.531789,25.029493,青田街 (東側),"編號：TP2146
名稱：青田街 (東側)
縣市別：台北市
起點描述：金華街
迄點描述：永康街75巷"
184,121.5027579,25.02329789,青年公園周邊之國興路及青年路,"編號：TP2147
名稱：青年公園周邊之國興路及青年路
縣市別：台北市
起點描述：青年路及國興路
迄點描述：水源路"
185,121.5203385,25.044193,青島東路(南側1),"編號：TP2148
名稱：青島東路(南側1)
縣市別：台北市
起點描述：中山南路
迄點描述：鎮江街"
186,121.5247105,25.0431435,青島東路(南側2),"編號：TP2149
名稱：青島東路(南側2)
縣市別：台北市
起點描述：林森南路
迄點描述：杭州南路1段"
187,121.520352,25.08496899,前港街(北側),"編號：TP2150
名稱：前港街(北側)
縣市別：台北市
起點描述：華齡街(福港街)
迄點描述：後港街(華齡街)"
188,121.585951,25.0596715,南京東路6段(北側),"編號：TP2151
名稱：南京東路6段(北側)
縣市別：台北市
起點描述：舊宗路
迄點描述：成功路"
189,121.515562,25.033351,南昌路1段(兩側),"編號：TP2152
名稱：南昌路1段(兩側)
縣市別：台北市
起點描述：重慶南路2段7巷
迄點描述：南海路"
190,121.520556,25.0272025,南昌路2段,"編號：TP2153
名稱：南昌路2段
縣市別：台北市
起點描述：南昌路2段42巷
迄點描述：和平西路1段"
191,121.5125205,25.0314815,南海路(北側),"編號：TP2154
名稱：南海路(北側)
縣市別：台北市
起點描述：和平西路2段
迄點描述：羅斯福路1段"
192,121.508285,25.02859903,南海路北側 人行道,"編號：TP2155
名稱：南海路北側 人行道
縣市別：台北市
起點描述：三元街
迄點描述：國興路"
193,121.5980595,25.0539675,南港路2段(南北側),"編號：TP2156
名稱：南港路2段(南北側)
縣市別：台北市
起點描述：向陽路
迄點描述：南港路2段178巷"
194,121.5880346,25.0530875,南港路3段(南北側),"編號：TP2157
名稱：南港路3段(南北側)
縣市別：台北市
起點描述：東新街
迄點描述：向陽路"
195,121.5370493,25.05329549,建國北路1至3段(東西側),"編號：TP2158
名稱：建國北路1至3段(東西側)
縣市別：台北市
起點描述：民族東路
迄點描述：市民大道"
196,121.537437,25.0348665,建國南路(兩側)1,"編號：TP2159
名稱：建國南路(兩側)
縣市別：台北市
起點描述：信義路
迄點描述：仁愛路"
197,121.5383115,25.035605,建國南路(兩側)2,"編號：TP2159
名稱：建國南路(兩側)
縣市別：台北市
起點描述：信義路
迄點描述：仁愛路"
198,121.5291819,25.01275644,思源街(東側),"編號：TP2160
名稱：思源街(東側)
縣市別：台北市
起點描述：水源路
迄點描述：汀州路"
199,121.5138865,25.030598,泉州街(西側),"編號：TP2161
名稱：泉州街(西側)
縣市別：台北市
起點描述：南海路
迄點描述：寧波西街"
200,121.6123785,25.06110751,重陽路(北側),"編號：TP2162
名稱：重陽路(北側)
縣市別：台北市
起點描述：57巷
迄點描述：三重路"
201,121.605568,25.057872,重陽路興華路口,"編號：TP2163
名稱：重陽路興華路口
縣市別：台北市
起點描述：興華路
迄點描述：興中路86巷"
202,121.513785,25.061777,重慶北路1至3段,"編號：TP2164
名稱：重慶北路1至3段
縣市別：台北市
起點描述：敦煌路
迄點描述：市民大道"
203,121.5123795,25.082375,重慶北路4段,"編號：TP2165
名稱：重慶北路4段
縣市別：台北市
起點描述：中正路
迄點描述：重慶北路4段１巷"
204,121.5149955,25.03076146,重慶南路(東西側)1,"編號：TP2166
名稱：重慶南路(東西側)
縣市別：台北市
起點描述：和平西路
迄點描述：愛國西路"
205,121.514658,25.03086097,重慶南路(東西側)2,"編號：TP2166
名稱：重慶南路(東西側)
縣市別：台北市
起點描述：和平西路
迄點描述：愛國西路"
206,121.5129845,25.0415085,重慶南路1段(西側),"編號：TP2167
名稱：重慶南路1段(西側)
縣市別：台北市
起點描述：寶慶路
迄點描述：重慶南路1段118巷"
207,121.517215,25.0719765,庫倫街,"編號：TP2168
名稱：庫倫街
縣市別：台北市
起點描述：大龍街
迄點描述：承德路3段"
208,121.5238,25.0405795,徐州路(兩側1),"編號：TP2169
名稱：徐州路(兩側1)
縣市別：台北市
起點描述：林森南路
迄點描述：杭州南路1段"
209,121.520408,25.0413795,徐州路(南側2),"編號：TP2170
名稱：徐州路(南側2)
縣市別：台北市
起點描述：中山南路
迄點描述：林森南路"
210,121.5464635,25.13854848,格致路,"編號：TP2171
名稱：格致路
縣市別：台北市
起點描述：菁山路
迄點描述：愛富三街"
211,121.5034015,25.038129,桂林路(北側),"編號：TP2172
名稱：桂林路(北側)
縣市別：台北市
起點描述：昆明街
迄點描述：桂林路57巷"
212,121.502816,25.038135,桂林路(南側),"編號：TP2173
名稱：桂林路(南側)
縣市別：台北市
起點描述：康定路
迄點描述：昆明街"
213,121.4977425,25.038519,桂林路北側人行道,"編號：TP2174
名稱：桂林路北側人行道
縣市別：台北市
起點描述：環河南路2段
迄點描述：西昌街"
214,121.5102995,25.04014903,桃源街兩側人行道1,"編號：TP2175
名稱：桃源街兩側人行道
縣市別：台北市
起點描述：寶慶路
迄點描述：貴陽街"
215,121.5103705,25.040146,桃源街兩側人行道2,"編號：TP2175
名稱：桃源街兩側人行道
縣市別：台北市
起點描述：寶慶路
迄點描述：貴陽街"
216,121.512555,25.072043,酒泉街,"編號：TP2176
名稱：酒泉街
縣市別：台北市
起點描述：環河北路2段
迄點描述：大龍街"
217,121.563163,25.054219,健康路 (北側),"編號：TP2177
名稱：健康路 (北側)
縣市別：台北市
起點描述：光復北路
迄點描述：塔悠路"
218,121.563141,25.053801,健康路 (南側),"編號：TP2178
名稱：健康路 (南側)
縣市別：台北市
起點描述：光復北路
迄點描述：塔悠路"
219,121.5187775,25.093576,基河路300巷兩側人行道1,"編號：TP2179
名稱：基河路300巷兩側人行道
縣市別：台北市
起點描述：基河路
迄點描述：士商路"
220,121.518722,25.093618,基河路300巷兩側人行道2,"編號：TP2179
名稱：基河路300巷兩側人行道
縣市別：台北市
起點描述：基河路
迄點描述：士商路"
221,121.522577,25.08985599,基河路西側人行道,"編號：TP2180
名稱：基河路西側人行道
縣市別：台北市
起點描述：文林路
迄點描述：基河路300巷"
222,121.54093,25.01451152,基隆路,"編號：TP2181
名稱：基隆路
縣市別：台北市
起點描述：長興街
迄點描述：汀州路4段"
223,121.5651131,25.04312145,基隆路1段172巷,"編號：TP2182
名稱：基隆路1段172巷
縣市別：台北市
起點描述：忠孝東路4段559巷
迄點描述：基隆路1段"
224,121.5569695,25.02848603,基隆路2段(兩側)1,"編號：TP2183
名稱：基隆路2段(兩側)
縣市別：台北市
起點描述：信義路4段
迄點描述：和平東路3段"
225,121.557042,25.0289515,基隆路2段(兩側)2,"編號：TP2183
名稱：基隆路2段(兩側)
縣市別：台北市
起點描述：信義路4段
迄點描述：和平東路3段"
226,121.543835,25.0140135,基隆路4段155巷 (南側),"編號：TP2184
名稱：基隆路4段155巷 (南側)
縣市別：台北市
起點描述：基隆路
迄點描述：芳蘭路"
227,121.5494305,25.0214425,基隆路二至3段(兩側)1,"編號：TP2185
名稱：基隆路二至3段(兩側)
縣市別：台北市
起點描述：和平東路3段
迄點描述：辛亥路3段"
228,121.547607,25.020201,基隆路二至3段(兩側)2,"編號：TP2185
名稱：基隆路二至3段(兩側)
縣市別：台北市
起點描述：和平東路3段
迄點描述：辛亥路3段"
229,121.5016945,25.037746,康定路,"編號：TP2186
名稱：康定路
縣市別：台北市
起點描述：桂林路
迄點描述：老松國小側門"
230,121.502462,25.0426165,康定路(東側),"編號：TP2187
名稱：康定路(東側)
縣市別：台北市
起點描述：成都路
迄點描述：內江路"
231,121.610792,25.0709415,康寧路3段,"編號：TP2188
名稱：康寧路3段
縣市別：台北市
起點描述：99巷
迄點描述：165巷"
232,121.611383,25.067299,康寧路3段(西側),"編號：TP2189
名稱：康寧路3段(西側)
縣市別：台北市
起點描述：東湖路
迄點描述：安康路"
233,121.610985,25.06514307,康寧路3段(東側),"編號：TP2190
名稱：康寧路3段(東側)
縣市別：台北市
起點描述：安康路
迄點描述：潭美街"
234,121.6193525,25.0726045,康樂街(東側),"編號：TP2191
名稱：康樂街(東側)
縣市別：台北市
起點描述：151巷
迄點描述：125巷"
235,121.520443,25.05468601,捷運淡水線之線型公園,"編號：TP2192
名稱：捷運淡水線之線型公園
縣市別：台北市
起點描述：民生西路(雙連站)
迄點描述：市民大道"
236,121.52404,25.040942,紹興南街,"編號：TP2193
名稱：紹興南街
縣市別：台北市
起點描述：濟南路1段
迄點描述：杭州南路1段14巷"
237,121.523139,25.0373455,紹興南街(東側),"編號：TP2194
名稱：紹興南街(東側)
縣市別：台北市
起點描述：仁愛路2段
迄點描述：信義路2段"
238,121.523946,25.040186,紹興南街東側人行道,"編號：TP2195
名稱：紹興南街東側人行道
縣市別：台北市
起點描述：徐州路
迄點描述：杭州南路1段14巷"
239,121.4998305,25.031044,莒光路(南側),"編號：TP2196
名稱：莒光路(南側)
縣市別：台北市
起點描述：莒光路299巷
迄點描述：萬大路"
240,121.4991385,25.030232,莒光路299巷(西側),"編號：TP2197
名稱：莒光路299巷(西側)
縣市別：台北市
起點描述：莒光路
迄點描述：西藏路"
241,121.516219,25.03915999,凱達格蘭大道兩側人行道1,"編號：TP2198
名稱：凱達格蘭大道兩側人行道
縣市別：台北市
起點描述：重慶南路
迄點描述：中山北路"
242,121.516385,25.03961199,凱達格蘭大道兩側人行道2,"編號：TP2198
名稱：凱達格蘭大道兩側人行道
縣市別：台北市
起點描述：重慶南路
迄點描述：中山北路"
243,121.5111895,25.0394715,博愛路(西側),"編號：TP2199
名稱：博愛路(西側)
縣市別：台北市
起點描述：長沙街1段
迄點描述：貴陽街1段"
244,121.5115615,25.0415535,博愛路(兩側),"編號：TP2200
名稱：博愛路(兩側)
縣市別：台北市
起點描述：寶慶路
迄點描述：重慶南路1段118巷"
245,121.5112705,25.04700601,博愛路(東側),"編號：TP2201
名稱：博愛路(東側)
縣市別：台北市
起點描述：忠孝西路1段
迄點描述：開封街1段"
246,121.511375,25.040018,博愛路東側人行道,"編號：TP2202
名稱：博愛路東側人行道
縣市別：台北市
起點描述：寶慶路
迄點描述：貴陽街1段"
247,121.5639744,25.07937159,堤頂大道2段(北側),"編號：TP2203
名稱：堤頂大道2段(北側)
縣市別：台北市
起點描述：內湖路1段
迄點描述：港墘路"
248,121.559133,25.061326,富錦街359巷2弄,"編號：TP2204
名稱：富錦街359巷2弄
縣市別：台北市
起點描述：民生東路5段69巷
迄點描述：新中街"
249,121.543229,25.023133,復興南路(西側),"編號：TP2205
名稱：復興南路(西側)
縣市別：台北市
起點描述：和平東路
迄點描述：辛亥路"
250,121.543733,25.031444,復興南路(東側),"編號：TP2206
名稱：復興南路(東側)
縣市別：台北市
起點描述：市民大道
迄點描述：辛亥路"
251,121.610005,25.057057,惠民街(西側),"編號：TP2207
名稱：惠民街(西側)
縣市別：台北市
起點描述：南港路1段
迄點描述：重陽路"
252,121.550771,25.060935,敦化北路(東側),"編號：TP2208
名稱：敦化北路(東側)
縣市別：台北市
起點描述：富錦街
迄點描述：民權東路"
253,121.5490548,25.03081003,敦化南路(東西側),"編號：TP2209
名稱：敦化南路(東西側)
縣市別：台北市
起點描述：仁愛路4段
迄點描述：和平東路3段"
254,121.5491725,25.045053,敦化南路(東側),"編號：TP2210
名稱：敦化南路(東側)
縣市別：台北市
起點描述：南京東路4段
迄點描述：仁愛路4段"
255,121.5430465,24.99273449,景中街(南側),"編號：TP2211
名稱：景中街(南側)
縣市別：台北市
起點描述：景華街22巷
迄點描述：景華街52巷"
256,121.5437355,24.99394358,景華街52巷(西側),"編號：TP2212
名稱：景華街52巷(西側)
縣市別：台北市
起點描述：景中街
迄點描述：景興路102巷"
257,121.518166,25.0495635,華陰街(南側),"編號：TP2213
名稱：華陰街(南側)
縣市別：台北市
起點描述：承德路1段
迄點描述：淡水線"
258,121.519557,25.08660948,華齡街,"編號：TP2214
名稱：華齡街
縣市別：台北市
起點描述：前港街
迄點描述：華齡街185巷"
259,121.5094435,25.0390755,貴陽街1段(北側),"編號：TP2215
名稱：貴陽街1段(北側)
縣市別：台北市
起點描述：延平南路
迄點描述：桃源街"
260,121.5081615,25.0391825,貴陽街1段北側人行道,"編號：TP2216
名稱：貴陽街1段北側人行道
縣市別：台北市
起點描述：中華路1段
迄點描述：延平南路"
261,121.515346,25.03856399,貴陽街1段(兩側)1,"編號：TP2217
名稱：貴陽街1段(兩側)
縣市別：台北市
起點描述：博愛路
迄點描述：中山南路"
262,121.516265,25.038296,貴陽街1段(兩側)2,"編號：TP2217
名稱：貴陽街1段(兩側)
縣市別：台北市
起點描述：博愛路
迄點描述：中山南路"
263,121.5099265,25.0389545,貴陽街1段(南側),"編號：TP2218
名稱：貴陽街1段(南側)
縣市別：台北市
起點描述：延平南路
迄點描述：博愛路"
264,121.5064875,25.046769,開封街2段(北側),"編號：TP2219
名稱：開封街2段(北側)
縣市別：台北市
起點描述：昆明街
迄點描述：西寧南路"
265,121.569611,25.054948,塔悠路(西側),"編號：TP2220
名稱：塔悠路(西側)
縣市別：台北市
起點描述：撫遠街
迄點描述：南京東路"
266,121.5698685,25.05488,塔悠路(東側),"編號：TP2221
名稱：塔悠路(東側)
縣市別：台北市
起點描述：撫遠街
迄點描述：南京東路"
267,121.519593,25.03386,愛國東西路(兩側)1,"編號：TP2222
名稱：愛國東西路(兩側)
縣市別：台北市
起點描述：中山南路
迄點描述：杭州南路2段"
268,121.519824,25.03333,愛國東西路(兩側)2,"編號：TP2222
名稱：愛國東西路(兩側)
縣市別：台北市
起點描述：中山南路
迄點描述：杭州南路2段"
269,121.556216,25.081916,敬業三路(西側),"編號：TP2223
名稱：敬業三路(西側)
縣市別：台北市
起點描述：敬業一路
迄點描述：樂群二路"
270,121.5602864,25.06189211,新中街(東西側),"編號：TP2224
名稱：新中街(東西側)
縣市別：台北市
起點描述：民權東路4段
迄點描述：富錦街359巷2弄"
271,121.533089,25.0450035,新生北路1段(南北側),"編號：TP2225
名稱：新生北路1段(南北側)
縣市別：台北市
起點描述：松江路
迄點描述：八德路"
272,121.527468,25.061353,新生北路2段(西側),"編號：TP2226
名稱：新生北路2段(西側)
縣市別：台北市
起點描述：錦州街
迄點描述：民權東路1段"
273,121.5280905,25.069497,新生北路東側人行道,"編號：TP2227
名稱：新生北路東側人行道
縣市別：台北市
起點描述：民族東路
迄點描述：濱江街"
274,121.534058,25.02091601,新生南路(西側人行道),"編號：TP1001
名稱：新生南路(西側人行道)
縣市別：台北市
起點描述：羅斯福路
迄點描述：和平東路"
275,121.5324995,25.035858,新生南路1段(西側),"編號：TP2228
名稱：新生南路1段(西側)
縣市別：台北市
起點描述：仁愛路2段
迄點描述：信義路2段"
276,121.578211,24.9973845,新光路2段(西北側),"編號：TP2229
名稱：新光路2段(西北側)
縣市別：台北市
起點描述：秀明路2段
迄點描述：動物園門口"
277,121.5904455,25.0601785,新明路,"編號：TP2230
名稱：新明路
縣市別：台北市
起點描述：成功路2段
迄點描述：新明路86巷"
278,121.578348,25.074186,瑞光路(兩側)1,"編號：TP2231
名稱：瑞光路(兩側)
縣市別：台北市
起點描述：瑞光路513巷
迄點描述：民權東路6段"
279,121.5792955,25.07370249,瑞光路(兩側)2,"編號：TP2231
名稱：瑞光路(兩側)
縣市別：台北市
起點描述：瑞光路513巷
迄點描述：民權東路6段"
280,121.6169106,25.05905933,經貿二路(東西側)1,"編號：TP2232
名稱：經貿二路(東西側)
縣市別：台北市
起點描述：環東大道
迄點描述：南港路1段"
281,121.6165885,25.05701098,經貿二路(東西側)2,"編號：TP2232
名稱：經貿二路(東西側)
縣市別：台北市
起點描述：環東大道
迄點描述：南港路1段"
282,121.6153745,25.0576695,經貿二路88巷北側人行道,"編號：TP2233
名稱：經貿二路88巷北側人行道
縣市別：台北市
起點描述：三重路
迄點描述：經貿二路"
283,121.4991609,25.02139,萬大路423巷(南北側),"編號：TP2234
名稱：萬大路423巷(南北側)
縣市別：台北市
起點描述：萬大路
迄點描述：萬大路423巷48弄"
284,121.5684845,24.998894,萬芳路與萬和街口(北側),"編號：TP2235
名稱：萬芳路與萬和街口(北側)
縣市別：台北市
起點描述：萬利街
迄點描述：萬和街"
285,121.536486,25.004728,萬福國小南側,"編號：TP2236
名稱：萬福國小南側
縣市別：台北市
起點描述：汀州路4段
迄點描述：公館街"
286,121.5136815,25.029452,寧波西街,"編號：TP2237
名稱：寧波西街
縣市別：台北市
起點描述：和平西路2段
迄點描述：重慶南路2段"
287,121.5151675,25.058294,寧夏路,"編號：TP2238
名稱：寧夏路
縣市別：台北市
起點描述：保安街
迄點描述：平陽街"
288,121.5372657,25.06337949,榮星花園週邊人行道,"編號：TP2239
名稱：榮星花園週邊人行道
縣市別：台北市
起點描述：建國北路五常街
迄點描述：龍江路民權東路"
289,121.5174955,25.028193,福州街(西北側),"編號：TP2241
名稱：福州街(西北側)
縣市別：台北市
起點描述：重慶南路3段
迄點描述：南昌路2段"
290,121.5192995,25.029147,福州街(東南側),"編號：TP2242
名稱：福州街(東南側)
縣市別：台北市
起點描述：南昌路2段
迄點描述：福州街10巷"
291,121.5291198,25.09874159,福志路南側人行道,"編號：TP2243
名稱：福志路南側人行道
縣市別：台北市
起點描述：中山北路5段
迄點描述：雨農路"
292,121.530172,25.095228,福林路北側人行道,"編號：TP2244
名稱：福林路北側人行道
縣市別：台北市
起點描述：中山北路
迄點描述：雨農路"
293,121.530247,25.095063,福林路南側人行道,"編號：TP2245
名稱：福林路南側人行道
縣市別：台北市
起點描述：中山北路
迄點描述：士林官邸"
294,121.524586,25.10238351,福國路兩側人行道1,"編號：TP2246
名稱：福國路兩側人行道
縣市別：台北市
起點描述：文林北路
迄點描述：中山北路"
295,121.5245295,25.10199751,福國路兩側人行道2,"編號：TP2246
名稱：福國路兩側人行道
縣市別：台北市
起點描述：文林北路
迄點描述：中山北路"
296,121.509197,25.035299,廣州街(北側),"編號：TP2247
名稱：廣州街(北側)
縣市別：台北市
起點描述：延平南路
迄點描述：博愛路"
297,121.509524,25.03517,廣州街(南側),"編號：TP2248
名稱：廣州街(南側)
縣市別：台北市
起點描述：8巷
迄點描述：博愛路"
298,121.523733,25.1058665,德行西路,"編號：TP2249
名稱：德行西路
縣市別：台北市
起點描述：中山北路6段
迄點描述：礦溪街"
299,121.566721,25.06134605,撫遠街(兩側),"編號：TP2250
名稱：撫遠街(兩側)
縣市別：台北市
起點描述：民權東路5段
迄點描述：民生東路5段"
300,121.566719,25.066207,撫遠街403巷 (南側),"編號：TP2251
名稱：撫遠街403巷 (南側)
縣市別：台北市
起點描述：撫遠街
迄點描述：塔悠路"
301,121.5134015,25.0495745,鄭州路(北側),"編號：TP2253
名稱：鄭州路(北側)
縣市別：台北市
起點描述：環河北路1段
迄點描述：捷運淡水線"
302,121.6072045,25.0562695,興中街(東側),"編號：TP2254
名稱：興中街(東側)
縣市別：台北市
起點描述：重陽路
迄點描述：南港路"
303,121.5512204,25.00160195,興隆路2段(南側),"編號：TP2255
名稱：興隆路2段(南側)
縣市別：台北市
起點描述：興隆路2段154巷
迄點描述：福興路"
304,121.557718,24.9992525,興隆路3段,"編號：TP2256
名稱：興隆路3段
縣市別：台北市
起點描述：萬芳醫院站旁
迄點描述：興隆路3段115巷"
305,121.560545,24.9873905,興隆路4段(西側),"編號：TP2257
名稱：興隆路4段(西側)
縣市別：台北市
起點描述：興隆路4段42巷
迄點描述：下崙路"
306,121.5607915,24.987152,興隆路4段(東側),"編號：TP2258
名稱：興隆路4段(東側)
縣市別：台北市
起點描述：興隆路4段105巷
迄點描述：下崙路"
307,121.562905,24.987947,興隆路4段105巷,"編號：TP2259
名稱：興隆路4段105巷
縣市別：台北市
起點描述：木柵路2段138巷
迄點描述：木柵路2段204巷"
308,121.5330289,25.07041957,濱江街南側人行道,"編號：TP2260
名稱：濱江街南側人行道
縣市別：台北市
起點描述：新生北路
迄點描述：民族東路"
309,121.5071315,25.05156554,環河北路1段(東側),"編號：TP2261
名稱：環河北路1段(東側)
縣市別：台北市
起點描述：忠孝西路
迄點描述：長安西路"
310,121.5092075,25.073336,環河北路2段(東側),"編號：TP2262
名稱：環河北路2段(東側)
縣市別：台北市
起點描述：敦煌路
迄點描述：酒泉街"
311,121.510865,25.0234975,環河快速道路(北側),"編號：TP2263
名稱：環河快速道路(北側)
縣市別：台北市
起點描述：國興路
迄點描述：中華路2段"
312,121.491014,25.031717,環河南路2段(西側),"編號：TP2264
名稱：環河南路2段(西側)
縣市別：台北市
起點描述：長順街
迄點描述：雙園街"
313,121.4904645,25.030905,環河南路2段(東南側),"編號：TP2265
名稱：環河南路2段(東南側)
縣市別：台北市
起點描述：西藏路
迄點描述：長順街"
314,121.5153335,25.043348,襄陽路(南側),"編號：TP2266
名稱：襄陽路(南側)
縣市別：台北市
起點描述：懷寧街
迄點描述：公園路"
315,121.57652,25.06387001,舊宗路1段(兩側),"編號：TP2267
名稱：舊宗路1段(兩側)
縣市別：台北市
起點描述：民權東路6段
迄點描述：行善路"
316,121.574781,25.06961148,舊宗路2段(東側),"編號：TP2268
名稱：舊宗路2段(東側)
縣市別：台北市
起點描述：港墘路
迄點描述：民權東路6段"
317,121.534058,25.02091601,懷寧街,"編號：TP2269
名稱：懷寧街
縣市別：台北市
起點描述：凱達格蘭大道
迄點描述：貴陽街1段"
318,121.5357377,25.01353351,羅斯福路(兩側),"編號：TP2270
名稱：羅斯福路(兩側)
縣市別：台北市
起點描述：新生南路
迄點描述：基隆路"
319,121.519867,25.030774,羅斯福路1至3段,"編號：TP2271
名稱：羅斯福路1至3段
縣市別：台北市
起點描述：愛國西路
迄點描述：辛亥路"
320,121.5308182,25.018006,羅斯福路3段(兩側),"編號：TP2272
名稱：羅斯福路3段(兩側)
縣市別：台北市
起點描述：辛亥路1段
迄點描述：新生南路"
321,121.5375681,25.011295,羅斯福路4段113巷(南北側),"編號：TP2273
名稱：羅斯福路4段113巷(南北側)
縣市別：台北市
起點描述：羅斯福路4段
迄點描述：基隆路4段41巷"
322,121.536483,25.004755,羅斯福路5段170巷(北側),"編號：TP2274
名稱：羅斯福路5段170巷(北側)
縣市別：台北市
起點描述：溪州街
迄點描述：公館街"
323,121.469322,25.1211355,關渡路西側人行道,"編號：TP2275
名稱：關渡路西側人行道
縣市別：台北市
起點描述：大度路
迄點描述：知行路"
324,121.5099649,25.04154452,寶慶路(北側),"編號：TP2276
名稱：寶慶路(北側)
縣市別：台北市
起點描述：桃源街
迄點描述：懷寧街"
325,121.5099369,25.04146253,寶慶路(南側),"編號：TP2277
名稱：寶慶路(南側)
縣市別：台北市
起點描述：延平南路
迄點描述：重慶南路1段"
326,121.496969,25.09512609,洲美快速道路下平面車道(延平北路7段西側人行道),"編號：TP2278
名稱：洲美快速道路下平面車道(延平北路7段西側人行道)
縣市別：台北市
起點描述：堤防邊平面人行道
迄點描述：通河西街"
327,121.507231,25.0515635,停管處之大客貨車停車場南側自行車道,"編號：TP2279
名稱：停管處之大客貨車停車場南側自行車道
縣市別：台北市
起點描述：環河北路(淡3水門)
迄點描述：(淡水河)延平河濱自行車道"
328,121.5285512,25.10171345,至誠路2段北側人行道,"編號：TP2280
名稱：至誠路2段北側人行道
縣市別：台北市
起點描述：中山北路
迄點描述：雨農路"
329,121.5821635,24.999993,新光路兩側人行道,"編號：TP2281
名稱：新光路兩側人行道
縣市別：台北市
起點描述：萬福橋頭
迄點描述：污水處理廠"
330,121.497573,25.12862349,大業路東側人行道,"編號：TP2282
名稱：大業路東側人行道
縣市別：台北市
起點描述：承德路7段
迄點描述：光明路"
331,121.55072,25.01607,辛亥路3段(北側),"編號：TP2283
名稱：辛亥路3段(北側)
縣市別：台北市
起點描述：辛亥路3段157巷
迄點描述：二殯"
332,121.5175997,25.02692202,和平西路1段南昌(北側),"編號：TP2284
名稱：和平西路1段南昌(北側)
縣市別：台北市
起點描述：南昌路2段
迄點描述：重慶南路3段"
333,121.518475,25.0755585,敦煌路(南北側),"編號：TP2285
名稱：敦煌路(南北側)
縣市別：台北市
起點描述：重慶北路4段
迄點描述：承德路4段"
334,121.5511545,25.084584,明水路與北安路口,"編號：TP2286
名稱：明水路與北安路口
縣市別：台北市
起點描述：明水路672巷
迄點描述：北安路"
335,121.5815855,25.04814116,玉成街(東北側),"編號：TP2287
名稱：玉成街(東北側)
縣市別：台北市
起點描述：玉成街38巷
迄點描述：忠孝東路6段"
336,121.6167855,25.042267,研究院路2段,"編號：TP2288
名稱：研究院路2段
縣市別：台北市
起點描述：舊庄街1段
迄點描述：合順街8巷"
337,121.5844691,25.06565841,新湖三路、新湖二路,"編號：TP2289
名稱：新湖三路、新湖二路
縣市別：台北市
起點描述：行善路178巷
迄點描述：行善路"
338,121.5656145,25.084671,環山路1段,"編號：TP2290
名稱：環山路1段
縣市別：台北市
起點描述：9巷
迄點描述：環山路1段"
339,121.5936462,25.08053053,星雲街周邊,"編號：TP2291
名稱：星雲街周邊
縣市別：台北市
起點描述：成功路4段61巷32弄
迄點描述：123巷"
340,121.5077165,25.126993,公舘路(西側),"編號：TP2292
名稱：公舘路(西側)
縣市別：台北市
起點描述：公舘路228巷
迄點描述：三合街2段"
341,121.5042695,25.119781,立農街1段(南側),"編號：TP2293
名稱：立農街1段(南側)
縣市別：台北市
起點描述：立農街1段257巷
迄點描述：立農街1段187巷"
342,121.5112176,25.03849926,博愛路(兩側愛國),"編號：TP2294
名稱：博愛路(兩側愛國)
縣市別：台北市
起點描述：愛國西路
迄點描述：延平南路"
343,121.58104,24.999055,新光路2段(東南側),"編號：TP2295
名稱：新光路2段(東南側)
縣市別：台北市
起點描述：萬興里
迄點描述：動物園門口"
344,121.5517285,25.021188,樂業街(一小段),"編號：TP2296
名稱：樂業街(一小段)
縣市別：台北市
起點描述：基隆路2段
迄點描述：臥龍街"
345,121.512448,25.048202,北平西路(南側),"編號：TP2297
名稱：北平西路(南側)
縣市別：台北市
起點描述：北平西路
迄點描述：重慶北路1段"
346,121.5083115,25.034526,廣州街8巷(東側),"編號：TP2298
名稱：廣州街8巷(東側)
縣市別：台北市
起點描述：廣州街8巷
迄點描述：中華路2段75巷"
347,121.513856,25.033262,重慶南路2段7巷(北側),"編號：TP2299
名稱：重慶南路2段7巷(北側)
縣市別：台北市
起點描述：重慶南路2段
迄點描述：牯嶺街"
348,121.505731,25.02841552,中華路2段(東北側),"編號：TP2300
名稱：中華路2段(東北側)
縣市別：台北市
起點描述：西藏路
迄點描述：泉州街"
349,121.5665585,25.045214,基隆路1段(西側),"編號：TP2301
名稱：基隆路1段(西側)
縣市別：台北市
起點描述：市民大道
迄點描述：忠孝東路4段"
350,121.5534735,25.0551545,光復北路210巷 (南側),"編號：TP2302
名稱：光復北路210巷 (南側)
縣市別：台北市
起點描述：健康路15巷
迄點描述：光復北路"
351,121.5540325,25.054926,健康路35巷1,"編號：TP2303
名稱：健康路35巷
縣市別：台北市
起點描述：光復北路210巷
迄點描述：光復北路190巷"
352,121.55394,25.054876,健康路35巷2,"編號：TP2303
名稱：健康路35巷
縣市別：台北市
起點描述：光復北路210巷
迄點描述：光復北路190巷"
353,121.4998355,25.041679,長沙公園周遭,"編號：TP2304
名稱：長沙公園周遭
縣市別：台北市
起點描述：環河南路1段
迄點描述：長沙街2段"
354,121.496939,25.018496,萬大路(東側),"編號：TP2305
名稱：萬大路(東側)
縣市別：台北市
起點描述：富民路
迄點描述：環河快速道路"
355,121.5080085,25.025862,中華路2段(西南側),"編號：TP2306
名稱：中華路2段(西南側)
縣市別：台北市
起點描述：中華路2段416巷
迄點描述：國興路"
356,121.4982505,25.029431,西藏路(北側),"編號：TP2307
名稱：西藏路(北側)
縣市別：台北市
起點描述：莒光路333巷
迄點描述：莒光路299巷"
357,121.4983335,25.0310145,莒光路(南側-1),"編號：TP2308
名稱：莒光路(南側-1)
縣市別：台北市
起點描述：莒光路333巷
迄點描述：莒光路299巷"
358,121.499036,25.031225,莒光路(北側),"編號：TP2309
名稱：莒光路(北側)
縣市別：台北市
起點描述：西園路2段113巷
迄點描述：興寧街"
359,121.501183,25.0312985,莒光路北側人行道,"編號：TP2310
名稱：莒光路北側人行道
縣市別：台北市
起點描述：萬大路
迄點描述：汕頭街54巷"
360,121.4939535,25.0347475,環河南路2段(東側),"編號：TP2311
名稱：環河南路2段(東側)
縣市別：台北市
起點描述：和平西路3段
迄點描述：和平西路3段302巷"
361,121.495365,25.03636351,環河南路2段東側人行道,"編號：TP2312
名稱：環河南路2段東側人行道
縣市別：台北市
起點描述：廣州街
迄點描述：和平西路3段302巷"
362,121.5364277,24.99732621,三角形區塊,"編號：TP2313
名稱：三角形區塊
縣市別：台北市
起點描述：羅斯福路6段142巷
迄點描述：景福街"
363,121.5678085,24.986182,保儀路,"編號：TP2314
名稱：保儀路
縣市別：台北市
起點描述：木柵路3段66巷
迄點描述：忠順街87巷"
364,121.538753,25.003276,羅斯福路5段(東側),"編號：TP2315
名稱：羅斯福路5段(東側)
縣市別：台北市
起點描述：興隆路1段
迄點描述：羅斯福路5段211巷17弄"
365,121.53858,25.007672,羅斯福路5段東側人行道,"編號：TP2316
名稱：羅斯福路5段東側人行道
縣市別：台北市
起點描述：萬盛街
迄點描述：小巷"
366,121.542928,24.9955245,景華街49巷(東側),"編號：TP2317
名稱：景華街49巷(東側)
縣市別：台北市
起點描述：景興路46巷
迄點描述：景華街"
367,121.5526515,25.0019545,興隆路2段275巷(西側),"編號：TP2318
名稱：興隆路2段275巷(西側)
縣市別：台北市
起點描述：興隆路2段301巷21弄
迄點描述：興隆路2段"
368,121.569002,25.0308635,中強公園,"編號：TP2319
名稱：中強公園
縣市別：台北市
起點描述：松仁路
迄點描述：信義路車行地下道西口"
369,121.5247465,25.09735099,捷運淡水線高架下之線型公園內,"編號：TP1002
名稱：捷運淡水線高架下之線型公園內
縣市別：台北市
起點描述：民權西路站
迄點描述：北投站"
370,121.534608,25.0288535,大安森林公園周邊新生南路及建國南路人行道,"編號：TP1003
名稱：大安森林公園周邊新生南路及建國南路人行道
縣市別：台北市
起點描述：信義路
迄點描述：和平東路"
371,121.5841815,25.0587995,內湖五期重劃區道路(單側人行道)1,"編號：TP1004
名稱：內湖五期重劃區道路(單側人行道)
縣市別：台北市
起點描述：舊宗路
迄點描述：Y3道路"
372,121.5869496,25.06155938,內湖五期重劃區道路(單側人行道)2,"編號：TP1004
名稱：內湖五期重劃區道路(單側人行道)
縣市別：台北市
起點描述：舊宗路
迄點描述：Y3道路"
373,121.499176,25.1095,洲美街,"編號：TP1005
名稱：洲美街
縣市別：台北市
起點描述：13號道路
迄點描述：北投焚化爐"
374,121.530824,25.0138015,思源親水通廊,"編號：TP1006
名稱：思源親水通廊
縣市別：台北市
起點描述：汀州路、思源路口
迄點描述：水岸廣場"
375,121.56151,25.0264685,吳興街220巷北側新闢道路,"編號：TP1007
名稱：吳興街220巷北側新闢道路
縣市別：台北市
起點描述：吳興街220巷59弄
迄點描述：信安街103巷"
376,121.5621226,25.08031254,樂群二路北側,"編號：TP1008
名稱：樂群二路北側
縣市別：台北市
起點描述：明水路
迄點描述：堤頂大道2段"
377,121.556382,25.080896,敬業三路1,"編號：TP1009
名稱：敬業三路
縣市別：台北市
起點描述：北安路
迄點描述：美堤河濱公園"
378,121.5561885,25.080959,敬業三路2,"編號：TP1009
名稱：敬業三路
縣市別：台北市
起點描述：北安路
迄點描述：美堤河濱公園"
379,121.5622241,25.08011657,樂群二路南側,"編號：TP1010
名稱：樂群二路南側
縣市別：台北市
起點描述：明水路
迄點描述：堤頂大道2段"
380,121.52996,25.0165875,汀州路3段44號旁巷道,"編號：TP1101
名稱：汀州路3段44號旁巷道
縣市別：台北市
起點描述：汀州路
迄點描述：汀州路3段60巷"
381,121.5459805,25.0161085,長興街北側,"編號：TP1012
名稱：長興街北側
縣市別：台北市
起點描述：基隆路
迄點描述：芳蘭路"
382,121.545868,25.016016,長興街南側,"編號：TP1013
名稱：長興街南側
縣市別：台北市
起點描述：基隆路
迄點描述：芳蘭路"
383,121.4981115,25.126441,大業路,"編號：TP1014
名稱：大業路
縣市別：台北市
起點描述：大度路
迄點描述：大業路452巷"
384,121.4956585,25.13240154,大業路自行車道,"編號：TP1015
名稱：大業路自行車道
縣市別：台北市
起點描述：大業路517巷
迄點描述：大業路452巷"
385,121.5280403,25.03408749,信義路,"編號：TP1016
名稱：信義路
縣市別：台北市
起點描述：杭州南路
迄點描述：松仁路"
386,121.5468715,25.0185965,辛亥路南側,"編號：TP1017
名稱：辛亥路南側
縣市別：台北市
起點描述：新生南路
迄點描述：芳蘭路"
387,121.5776915,25.0554955,南京東路6段1,"編號：TP1018
名稱：南京東路6段
縣市別：台北市
起點描述：舊宗路
迄點描述：彩虹橋"
388,121.5745119,25.05340605,南京東路6段2,"編號：TP1018
名稱：南京東路6段
縣市別：台北市
起點描述：舊宗路
迄點描述：彩虹橋"
389,121.5330145,25.0389295,新生南路東側,"編號：TP1019
名稱：新生南路東側
縣市別：台北市
起點描述：八德路
迄點描述：信義路"
390,121.519479,25.03083,羅斯福路兩側1,"編號：TP1020
名稱：羅斯福路兩側
縣市別：台北市
起點描述：愛國東路
迄點描述：和平東路"
391,121.519343,25.03147801,羅斯福路兩側2,"編號：TP1020
名稱：羅斯福路兩側
縣市別：台北市
起點描述：愛國東路
迄點描述：和平東路"
392,121.5178194,25.053108,南京東西路,"編號：TP1021
名稱：南京東西路
縣市別：台北市
起點描述：南京東路5段291巷
迄點描述：寧夏路"
393,121.5772485,25.06312149,行善路、行愛路、民權東路6段、舊宗路2段,"編號：TP1022
名稱：行善路、行愛路、民權東路6段、舊宗路2段
縣市別：台北市
起點描述：新湖路1段339巷
迄點描述：民權東路6段11巷"
394,121.5078455,25.04146451,中華路兩側1,"編號：TP1023
名稱：中華路兩側
縣市別：台北市
起點描述：忠孝西路
迄點描述：愛國西路"
395,121.508526,25.041728,中華路兩側2,"編號：TP1023
名稱：中華路兩側
縣市別：台北市
起點描述：忠孝西路
迄點描述：愛國西路"
396,121.57769,25.0431385,松山路西側,"編號：TP1024
名稱：松山路西側
縣市別：台北市
起點描述：忠孝東路
迄點描述：永吉路"
397,121.5368496,25.03851145,仁愛路(北側),"編號：TP1025
名稱：仁愛路(北側)
縣市別：台北市
起點描述：市府路
迄點描述：景福門"
398,121.5449131,25.02111296,辛亥路北側,"編號：TP1026
名稱：辛亥路北側
縣市別：台北市
起點描述：新生南路
迄點描述：基隆路"
399,121.5331115,25.03162451,新生南路3段西側人行道,"編號：TP1027
名稱：新生南路3段西側人行道
縣市別：台北市
起點描述：信義路
迄點描述：和平東路"
400,121.533924,25.01929851,新生南路3段東側,"編號：TP1028
名稱：新生南路3段東側
縣市別：台北市
起點描述：羅斯福路
迄點描述：和平東路"
401,121.5012743,25.03516098,和平西路3段,"編號：TP1029
名稱：和平西路3段
縣市別：台北市
起點描述：康定路
迄點描述：昆明路"
402,121.5877555,25.07874251,文德路(南側),"編號：TP2320
名稱：文德路(南側)
縣市別：台北市
起點描述：文湖路2段
迄點描述：成功路3段"
403,121.522165,25.046716,北平東路(南側),"編號：TP2361
名稱：北平東路(南側)
縣市別：台北市
起點描述：中山北路1段
迄點描述：林森北路"
404,121.5545807,25.08502302,北安路(南側),"編號：TP2362
名稱：北安路(南側)
縣市別：台北市
起點描述：敬業四路
迄點描述：明水路"
405,121.5489145,25.08216008,北安路(東南側),"編號：TP2363
名稱：北安路(東南側)
縣市別：台北市
起點描述：明水路
迄點描述：中山高速公路"
406,121.465941,25.1232315,大度路三段(南側),"編號：TP2321
名稱：大度路三段(南側)
縣市別：台北市
起點描述：中央北路
迄點描述：立德路"
407,121.525242,25.0758005,中山北路(西側1),"編號：TP2322
名稱：中山北路(西側1)
縣市別：台北市
起點描述：忠誠路
迄點描述：市民大道"
408,121.517431,25.03747901,中山南路(東側1),"編號：TP2323
名稱：中山南路(東側1)
縣市別：台北市
起點描述：信義路1段
迄點描述：愛國西路"
409,121.5206884,25.09363195,中正路(南側),"編號：TP2324
名稱：中正路(南側)
縣市別：台北市
起點描述：承德路5段
迄點描述：雨農路"
410,121.531507,25.0380125,仁愛路(南側),"編號：TP2325
名稱：仁愛路(南側)
縣市別：台北市
起點描述：市府路
迄點描述：景福門"
411,121.5709795,25.081625,內湖路1段(北側),"編號：TP2326
名稱：內湖路1段(北側)
縣市別：台北市
起點描述：內湖路1段91巷
迄點描述：文德路"
412,121.5218325,25.0460525,天津街(西側),"編號：TP2327
名稱：天津街(西側)
縣市別：台北市
起點描述：北平東路
迄點描述：忠孝東路1段"
413,121.5806114,25.04187001,春光公園,"編號：TP2328
名稱：春光公園
縣市別：台北市
起點描述：忠孝東路5段
迄點描述：林口街"
414,121.4945784,25.03167544,艋舺大道,"編號：TP1033
名稱：艋舺大道
縣市別：台北市
起點描述：西園路
迄點描述：雙園街"
415,121.5655862,25.0368596,信義計畫區自行車道1,"編號：TP1035
名稱：信義計畫區自行車道
縣市別：台北市
起點描述：徒步區道路
迄點描述：徒步區道路"
416,121.5695035,25.037475,信義計畫區自行車道2,"編號：TP1035
名稱：信義計畫區自行車道
縣市別：台北市
起點描述：徒步區道路
迄點描述：徒步區道路"
417,121.5708434,25.03747297,信義計畫區自行車道3,"編號：TP1035
名稱：信義計畫區自行車道
縣市別：台北市
起點描述：徒步區道路
迄點描述：徒步區道路"
418,121.5656755,25.040064,信義計畫區自行車道4,"編號：TP1035
名稱：信義計畫區自行車道
縣市別：台北市
起點描述：徒步區道路
迄點描述：徒步區道路"
419,121.5670365,25.037414,信義計畫區自行車道5,"編號：TP1035
名稱：信義計畫區自行車道
縣市別：台北市
起點描述：徒步區道路
迄點描述：徒步區道路"
420,121.564612,25.0360045,信義計畫區自行車道6,"編號：TP1035
名稱：信義計畫區自行車道
縣市別：台北市
起點描述：徒步區道路
迄點描述：徒步區道路"
421,121.5645475,25.035713,信義計畫區自行車道7,"編號：TP1035
名稱：信義計畫區自行車道
縣市別：台北市
起點描述：徒步區道路
迄點描述：徒步區道路"
422,121.5620688,25.03634547,信義計畫區自行車道8,"編號：TP1035
名稱：信義計畫區自行車道
縣市別：台北市
起點描述：徒步區道路
迄點描述：徒步區道路"
423,121.5636785,25.034478,信義計畫區自行車道9,"編號：TP1035
名稱：信義計畫區自行車道
縣市別：台北市
起點描述：徒步區道路
迄點描述：徒步區道路"
424,121.5809557,25.05822525,舊宗路一段(潭美國小周邊),"編號：TP1034
名稱：舊宗路一段(潭美國小周邊)
縣市別：台北市
起點描述：南京東路6段
迄點描述：行善路"
425,121.5810915,25.059264,行善路(潭美國小周邊),"編號：TP1032
名稱：行善路(潭美國小周邊)
縣市別：台北市
起點描述：舊宗路
迄點描述：行善路181巷"
426,121.5024415,25.03341751,艋舺大道(東側),"編號：TP1037
名稱：艋舺大道(東側)
縣市別：台北市
鄉鎮別：萬華區
起點描述：和平西路3段52巷
迄點描述：西園路"
427,121.543726,25.048454,復興南北路,"編號：TP1031
名稱：復興南北路
縣市別：台北市
起點描述：民權東路3段
迄點描述：和平東路2段"
428,121.5805165,25.04734842,中坡北路,"編號：TP2363
名稱：中坡北路
縣市別：台北市
起點描述：松隆路
迄點描述：永吉路517巷8弄"
429,121.544591,25.0825795,崇實路,"編號：TP1036
名稱：崇實路
縣市別：台北市
起點描述：崇實路145號
迄點描述：北安路"
430,121.5721625,25.045121,松信路東側,"名稱：松信路東側
縣市別：台北市
起點描述：忠孝東路
迄點描述：市民大道"
431,121.572018,25.045116,松信路西側,"名稱：松信路西側
縣市別：台北市
起點描述：市民大道
迄點描述：忠孝東路"
432,121.5625084,25.02936511,莊敬路北側,"名稱：莊敬路北側
縣市別：台北市
起點描述：松仁路
迄點描述：松勤街"
433,121.5623704,25.02937811,莊敬路南側,"名稱：莊敬路南側
縣市別：台北市
起點描述：松勤街
迄點描述：松仁路"
434,121.5747315,25.03549975,松德路東側,"名稱：松德路東側
縣市別：台北市
起點描述：信義路5段
迄點描述：松山路"
435,121.574546,25.03549626,松德路西側,"名稱：松德路西側
縣市別：台北市
起點描述：松山路
迄點描述：信義路5段"
436,121.577369,25.0455465,永吉路北側,"名稱：永吉路北側
縣市別：台北市
起點描述：忠孝東路
迄點描述：松信路"
437,121.577326,25.0453525,永吉路南側,"名稱：永吉路南側
縣市別：台北市
起點描述：松信路
迄點描述：忠孝東路"
438,121.568436,25.027614,松仁路東側,"名稱：松仁路東側
縣市別：台北市
起點描述：莊敬路
迄點描述：莊敬路423巷8弄"
439,121.5682925,25.027609,松仁路西側,"名稱：松仁路西側
縣市別：台北市
起點描述：莊敬路423巷8弄
迄點描述：莊敬路"
440,121.5599745,25.06251,民權東路4、5路北側,"名稱：民權東路4、5路北側
縣市別：台北市
起點描述：三民路
迄點描述：敦化北路"
441,121.560025,25.0623315,民權東路4、5段南側,"名稱：民權東路4、5段南側
縣市別：台北市
起點描述：敦化北路
迄點描述：三民路"
442,121.561972,25.054091,健康路北側,"名稱：健康路北側
縣市別：台北市
起點描述：寶清街
迄點描述：光復北路"
443,121.5620055,25.05386,健康路南側,"名稱：健康路南側
縣市別：台北市
起點描述：光復北路
迄點描述：寶清街"
444,121.5549845,25.0600375,光復北路東側,"名稱：光復北路東側
縣市別：台北市
起點描述：民生東路
迄點描述：民權東路"
445,121.554875,25.0600545,光復北路西側,"名稱：光復北路西側
縣市別：台北市
起點描述：民權西路
迄點描述：民生西路"
446,121.568178,25.0668595,撫遠街北側,"名稱：撫遠街北側
縣市別：台北市
起點描述：民權東路5段
迄點描述：濱江街"
447,121.5682045,25.067067,撫遠街南側,"名稱：撫遠街南側
縣市別：台北市
起點描述：濱江街
迄點描述：民權東路5段"
448,121.54201,25.015103,基隆路3、4段東側,"名稱：基隆路3、4段東側
縣市別：台北市
起點描述：羅斯福路4段
迄點描述：辛亥路"
449,121.5418345,25.0152935,基隆路3、4段北側,"名稱：基隆路3、4段北側
縣市別：台北市
起點描述：辛亥路
迄點描述：羅斯福路"
450,121.543568,25.02651,復興南路2段東側,"名稱：復興南路2段東側
縣市別：台北市
起點描述：辛亥路
迄點描述：信義路"
451,121.5661683,24.99051741,秀明路1、2段北側,"名稱：秀明路1、2段北側
縣市別：台北市
起點描述：萬壽路
迄點描述：久康路"
452,121.5661942,24.99038491,秀明路1、2段南側,"名稱：秀明路1、2段南側
縣市別：台北市
起點描述：久康路
迄點描述：萬壽路"
453,121.5091525,25.02937752,三元街北側,"名稱：三元街北側
縣市別：台北市
起點描述：和平西路
迄點描述：汀洲街"
454,121.509272,25.02911703,三元街南側,"名稱：三元街南側
縣市別：台北市
起點描述：汀洲路
迄點描述：和平西路"
455,121.525401,25.0460265,北平東路北側,"名稱：北平東路北側
縣市別：台北市
起點描述：杭州北路
迄點描述：中山北路"
456,121.5247805,25.0460505,北平東路南側,"名稱：北平東路南側
縣市別：台北市
起點描述：中山北路
迄點描述：杭州北路"
457,121.512532,25.10102905,承德路4-7段東側,"名稱：承德路4-7段東側
縣市別：台北市
起點描述：通河街
迄點描述：大業路"
458,121.523125,25.08574544,承德路4段西側,"名稱：承德路4段西側
縣市別：台北市
起點描述：中正路
迄點描述：通河街"
459,121.5467806,25.09843455,至善路1、2段北側,"名稱：至善路1、2段北側
縣市別：台北市
起點描述：故宮
迄點描述：福林路254巷"
460,121.5469958,25.09824405,至善路1、2段南側,"名稱：至善路1、2段南側
縣市別：台北市
起點描述：福林路254巷
迄點描述：故宮"
461,121.513123,25.081646,重慶北路4段東側,"名稱：重慶北路4段東側
縣市別：台北市
起點描述：重慶北路4段1巷
迄點描述：中正路"
462,121.511707,25.08413197,重慶北路4段西側,"名稱：重慶北路4段西側
縣市別：台北市
起點描述：中正路
迄點描述：重慶北路4段1巷"
463,121.5515225,25.0819345,明水路東側,"名稱：明水路東側
縣市別：台北市
起點描述：明水路475巷
迄點描述：北安路"
464,121.551233,25.0821435,明水路西側,"名稱：明水路西側
縣市別：台北市
起點描述：北安路
迄點描述：明水路475巷"
465,121.5550082,25.08516902,北安路北側,"名稱：北安路北側
縣市別：台北市
起點描述：內湖路
迄點描述：明水路"
466,121.5552722,25.08485802,北安路南側,"名稱：北安路南側
縣市別：台北市
起點描述：明水路
迄點描述：內湖路"
467,121.55642,25.0822775,敬業三路東側,"名稱：敬業三路東側
縣市別：台北市
起點描述：樂群二路
迄點描述：北安路"
468,121.556265,25.0822,敬業三路西側,"名稱：敬業三路西側
縣市別：台北市
起點描述：北安路
迄點描述：樂群二路"
469,121.558573,25.0819635,敬業四路東側,"名稱：敬業四路東側
縣市別：台北市
起點描述：樂群三路
迄點描述：植福路"
470,121.5584875,25.0819455,敬業四路西側,"名稱：敬業四路西側
縣市別：台北市
起點描述：植福路
迄點描述：樂群三路"
471,121.557462,25.083955,植福路北側,"名稱：植福路北側
縣市別：台北市
起點描述：敬業四路
迄點描述：敬業三路"
472,121.557481,25.0838805,植福路南側,"名稱：植福路南側
縣市別：台北市
起點描述：敬業三路
迄點描述：敬業四路"
473,121.537308,25.0682515,民族東路北側,"名稱：民族東路北側
縣市別：台北市
起點描述：龍江路
迄點描述：建國北路"
474,121.537337,25.0680735,民族東路南側,"名稱：民族東路南側
縣市別：台北市
起點描述：建國北路
迄點描述：龍江路"
475,121.530286,25.059298,吉林路東側,"名稱：吉林路東側
縣市別：台北市
起點描述：松江路90巷
迄點描述：民族東路"
476,121.5302175,25.0593445,吉林路西側,"名稱：吉林路西側
縣市別：台北市
起點描述：民族東路
迄點描述：松江路90巷"
477,121.534286,25.045737,渭水路北側,"名稱：渭水路北側
縣市別：台北市
起點描述：八德路2段
迄點描述：松江路"
478,121.5342415,25.045635,渭水路南側,"名稱：渭水路南側
縣市別：台北市
起點描述：松江路
迄點描述：八德路2段"
479,121.54044,25.054677,長春路北側,"名稱：長春路北側
縣市別：台北市
起點描述：敦化北路
迄點描述：中山北路"
480,121.533329,25.0547195,長春路南側,"名稱：長春路南側
縣市別：台北市
起點描述：中山北路
迄點描述：敦化北路"
481,121.5695915,25.08205699,內湖路1段北側,"名稱：內湖路1段北側
縣市別：台北市
起點描述：港墘路
迄點描述：堤頂大道"
482,121.5702576,25.08167948,內湖路1段南側,"名稱：內湖路1段南側
縣市別：台北市
起點描述：堤頂大道
迄點描述：港墘路"
483,121.6072784,25.07926004,成功路3-5段北側,"名稱：成功路3-5段北側
縣市別：台北市
起點描述：康寧路3段
迄點描述：文德路"
484,121.5897868,25.07937225,成功路3-5段南側,"名稱：成功路3-5段南側
縣市別：台北市
起點描述：文德路
迄點描述：康寧路3段"
485,121.6005325,25.07716649,金湖路東側,"名稱：金湖路東側
縣市別：台北市
起點描述：成功路5段
迄點描述：金湖路109巷"
486,121.600109,25.07782944,金湖路西側,"名稱：金湖路西側
縣市別：台北市
起點描述：金湖路109巷
迄點描述：成功路5段"
487,121.6108365,25.07082299,康寧路3段東側,"名稱：康寧路3段東側
縣市別：台北市
起點描述：東湖路
迄點描述：成功路5段"
488,121.610756,25.07074299,康寧路3段西側,"名稱：康寧路3段西側
縣市別：台北市
起點描述：成功路5段
迄點描述：東湖路"
489,121.4977775,25.12814099,大業路東側,"名稱：大業路東側
縣市別：台北市
起點描述：承德路7段
迄點描述：北投路2段"
490,121.4978235,25.12752597,大業路西側,"名稱：大業路西側
縣市別：台北市
起點描述：北投路2段
迄點描述：承德路7段"
491,121.5109365,25.0704015,延平北路4段東側,"名稱：延平北路4段東側
縣市別：台北市
起點描述：民族西路
迄點描述：酒泉街"
492,121.510859,25.070426,延平北路4段西側,"名稱：延平北路4段西側
縣市別：台北市
起點描述：酒泉街
迄點描述：民族西路"
493,121.620329,25.05706103,經貿一路東側,"名稱：經貿一路東側
縣市別：台北市
起點描述：南港路1段
迄點描述：經貿二路106巷"
494,121.619892,25.0568185,經貿一路西側,"名稱：經貿一路西側
縣市別：台北市
起點描述：經貿二路106巷
迄點描述：南港路1段"
495,121.5525959,25.08381344,敬業一路（南側）,"名稱：敬業一路（南側）
縣市別：台北市
起點描述：敬業一路128巷
迄點描述：敬業二路"
496,121.552169,25.08306153,敬業一路(西側),"名稱：敬業一路(西側)
縣市別：台北市
起點描述：敬業一路128巷
迄點描述：樂群三路"
497,121.5545195,25.083299,敬業二路(東側),"名稱：敬業二路(東側)
縣市別：台北市
起點描述：樂群三路
迄點描述：植福路"
498,121.555359,25.083848,植福路(南側),"名稱：植福路(南側)
縣市別：台北市
起點描述：敬業二路
迄點描述：敬業三路"
499,121.558658,25.084354,敬業四路(西側),"名稱：敬業四路(西側)
縣市別：台北市
起點描述：植福路
迄點描述：內湖路1段"
500,121.5592241,25.08393798,植福路(北側),"名稱：植福路(北側)
縣市別：台北市
起點描述：內湖路1段32巷
迄點描述：敬業四路"
501,121.5275865,25.0655285,新生北路3段西側人行道,"名稱：新生北路3段西側人行道
縣市別：台北市
起點描述：民族東路
迄點描述：民權東路"
502,121.5779035,25.04945991,松山路東側,"編號：CR10001
名稱：松山路東側
縣市別：台北市
起點描述：松山路/市民大道六段
迄點描述：松山路/饒河街"
503,121.5778345,25.051329,八德路四段763巷,"編號：CR10002
名稱：八德路四段763巷
縣市別：台北市
起點描述：八德路四段/八德路四段763巷
迄點描述：松河街/八德路四段763巷"
504,121.577188,25.051531,松河街,"編號：CR10003
名稱：松河街
縣市別：台北市
起點描述：松河街/八德路四段763巷
迄點描述：松河街/饒河街221巷"
505,121.587732,25.05464552,基隆河左岸自行車道,"編號：CR10004
名稱：基隆河左岸自行車道
縣市別：台北市
起點描述：饒河疏散門
迄點描述：成功橋"
506,121.5919525,25.0592215,成功橋西側,"編號：CR10005
名稱：成功橋西側
縣市別：台北市
起點描述：基隆河左岸自行車道
迄點描述：基隆河右岸自行車道"
507,121.6101825,25.06232889,基隆河右岸自行車道,"編號：CR10006
名稱：基隆河右岸自行車道
縣市別：台北市
起點描述：成功橋自行車牽引道
迄點描述：內溝溪橋自行車牽引道"
508,121.511741,25.105219,承德路6段西側,"名稱：承德路6段西側
縣市別：台北市
起點描述：承德路6段/承德路7段
迄點描述：承德路6段/洲美街"
509,121.506049,25.115184,承德路7段西側,"名稱：承德路7段西側
縣市別：台北市
起點描述：承德路7段393巷
迄點描述：承德路6段"
