行政區,路名,位置,經度,緯度,備註
松山區,南京東路,4段與敦化北路口(箱編:3019),121.549319,25.052197,"隨手清狗便，違者最高罰鍰新臺幣6,000元"
松山區,民生東路,5段180號前(箱編:4013),121.5633012,25.0584047,"隨手清狗便，違者最高罰鍰新臺幣6,000元"
松山區,三民路,113巷口(箱編:4035),121.56342,25.057956,"隨手清狗便，違者最高罰鍰新臺幣6,000元"
松山區,民生東路,5段188號前(箱編:4032),121.5619842,25.0586844,"隨手清狗便，違者最高罰鍰新臺幣6,000元"
松山區,民權東路,5段10號(箱編:4010),121.563652,25.06279,"隨手清狗便，違者最高罰鍰新臺幣6,000元"
松山區,民權東路,4段200號前(箱編:4054),121.562868,25.06273,"隨手清狗便，違者最高罰鍰新臺幣6,000元"
松山區,健康路,健康路174號長壽公園人行道(箱編:0000),121.5589966,25.0538041,"隨手清狗便，違者最高罰鍰新臺幣6,000元"
松山區,南京東路,5段346號公園入口佈告欄(箱編:0000),121.569131,25.051108,"隨手清狗便，違者最高罰鍰新臺幣6,000元"
松山區,民生東路,5段186號前(箱編:4033),121.563605,25.058502,"隨手清狗便，違者最高罰鍰新臺幣6,000元"
松山區,健康路,325巷7號公佈欄(箱編:0000),121.567131,25.055672,"隨手清狗便，違者最高罰鍰新臺幣6,000元"
松山區,光復北路,165巷口(箱編:4009),121.555448,25.057199,"隨手清狗便，違者最高罰鍰新臺幣6,000元"
松山區,民生東路,5段163之1號右側(箱編:4003),121.56305,25.059082,"隨手清狗便，違者最高罰鍰新臺幣6,000元"
松山區,南京東路,4段55之1號-捷運台北小巨蛋5號出口附近(箱編:1014),121.5522933,25.0517606,"隨手清狗便，違者最高罰鍰新臺幣6,000元"
松山區,三民路,64號(箱編:1015),121.563908,25.054931,"隨手清狗便，違者最高罰鍰新臺幣6,000元"
松山區,寶清街,21號公園入口處公佈欄(箱編:0000),121.568823,25.050216,"隨手清狗便，違者最高罰鍰新臺幣6,000元"
松山區,敦化北路,5號市立體育場公車站旁(箱編:2030),121.549221,25.049045,"隨手清狗便，違者最高罰鍰新臺幣6,000元"
松山區,南京東路,4段2號捷運小巨蛋2號出口(箱編:2058),121.550791,25.051583,"隨手清狗便，違者最高罰鍰新臺幣6,000元"
松山區,敦化北路,2號-八德路2段與敦化北路交叉口公車站對面(箱編:2078),121.548629,25.048381,"隨手清狗便，違者最高罰鍰新臺幣6,000元"
松山區,敦化北路,150號(箱編:2003),121.548679,25.054613,"隨手清狗便，違者最高罰鍰新臺幣6,000元"
松山區,敦化北路,100號(箱編:2005),121.548661,25.053381,"隨手清狗便，違者最高罰鍰新臺幣6,000元"
松山區,撫遠街,塔悠路(迎風狗運動公園01),121.565726,25.072076,"隨手清狗便，違者最高罰鍰新臺幣6,000元"
松山區,撫遠街,塔悠路(迎風狗運動公園02),121.56558,25.071985,"隨手清狗便，違者最高罰鍰新臺幣6,000元"
松山區,撫遠街,塔悠路(迎風狗運動公園03),121.565468,25.072416,"隨手清狗便，違者最高罰鍰新臺幣6,000元"
松山區,撫遠街,塔悠路(迎風狗運動公園04),121.56496,25.072211,"隨手清狗便，違者最高罰鍰新臺幣6,000元"
松山區,撫遠街,塔悠路(迎風狗運動公園05),121.565037,25.07176,"隨手清狗便，違者最高罰鍰新臺幣6,000元"
松山區,撫遠街,塔悠路(迎風狗運動公園06),121.564884,25.071703,"隨手清狗便，違者最高罰鍰新臺幣6,000元"
松山區,松河街,成美左岸河濱公園(彩虹橋下),121.57673,25.051548,"隨手清狗便，違者最高罰鍰新臺幣6,000元"
松山區,民生東路,4段97巷4弄20號旁富錦五號公園(洗手台旁),121.553706,25.058881,"隨手清狗便，違者最高罰鍰新臺幣6,000元"
松山區,民生東路,4段105號旁富錦六號公園(告示牌旁),121.553175,25.058216,"隨手清狗便，違者最高罰鍰新臺幣6,000元"
松山區,敦化北路,244巷31號前民有一號公園(佈告欄旁),121.547524,25.060635,"隨手清狗便，違者最高罰鍰新臺幣6,000元"
松山區,民生東路,3段113巷14號前民有二號公園(佈告欄旁),121.546396,25.05978,"隨手清狗便，違者最高罰鍰新臺幣6,000元"
松山區,民生東路,4段97巷6弄2號旁精忠公園(工具箱旁),121.552367,25.059449,"隨手清狗便，違者最高罰鍰新臺幣6,000元"
松山區,健康路,174號旁長壽公園(垃圾桶旁),121.558764,25.053466,"隨手清狗便，違者最高罰鍰新臺幣6,000元"
松山區,撫遠街,367巷至389巷底撫遠公園(涼亭區),121.566731,25.064952,"隨手清狗便，違者最高罰鍰新臺幣6,000元"
信義區,松智路,與松廉路口-信義廣場(編號:1060),121.565492,25.033955,"隨手清狗便，違者最高罰鍰新臺幣6,000元"
信義區,仁愛路,4段國父紀念館大門左側(編號:1011),121.5589422,25.0377402,"隨手清狗便，違者最高罰鍰新臺幣6,000元"
信義區,信義路,5段6號(編號:3003),121.560315,25.032894,"隨手清狗便，違者最高罰鍰新臺幣6,000元"
信義區,仁愛路,4段與逸仙路口-1國父紀念館(編號:1015),121.561691,25.03761,"隨手清狗便，違者最高罰鍰新臺幣6,000元"
信義區,光復南路,光復國小-1(編號:1032),121.5577379,25.0403813,"隨手清狗便，違者最高罰鍰新臺幣6,000元"
信義區,仁愛路,4段與光復南路口-2(編號:1010),121.5578921,25.0377966,"隨手清狗便，違者最高罰鍰新臺幣6,000元"
信義區,忠孝東路,4段與逸仙路口(編號:1006),121.561509,25.041137,"隨手清狗便，違者最高罰鍰新臺幣6,000元"
信義區,基隆路,2段21號(編號:3002),121.5591208,25.0319925,"隨手清狗便，違者最高罰鍰新臺幣6,000元"
信義區,逸仙路,與松高路口(編號:1043),121.561459,25.03908,"隨手清狗便，違者最高罰鍰新臺幣6,000元"
信義區,基隆路,2段131-22號(箱編:0000),121.5562783,25.0273456,"隨手清狗便，違者最高罰鍰新臺幣6,000元"
信義區,松隆路,松山車站公車站牌前(編號:2004),121.578875,25.048221,"隨手清狗便，違者最高罰鍰新臺幣6,000元"
信義區,忠孝東路,5段723號對面公車站牌旁-春光公園(編號:5004),121.58077,25.04264,"隨手清狗便，違者最高罰鍰新臺幣6,000元"
信義區,市民大道,6段與松山車站西門對面(編號:2003),121.5784438,25.04899609,"隨手清狗便，違者最高罰鍰新臺幣6,000元"
信義區,信義路,5段11號信義廣場(信義廣場狗活動區),121.56598,25.033635,"隨手清狗便，違者最高罰鍰新臺幣6,000元"
信義區,松德路,180巷松德公園,121.572989,25.035396,"隨手清狗便，違者最高罰鍰新臺幣6,000元"
信義區,松勇路,47號旁信義安康公園,121.569906,25.035445,"隨手清狗便，違者最高罰鍰新臺幣6,000元"
信義區,信義路,6段76巷2弄松友公園,121.576429,25.034237,"隨手清狗便，違者最高罰鍰新臺幣6,000元"
信義區,信義路,6段76巷8弄虎林公園,121.574763,25.031224,"隨手清狗便，違者最高罰鍰新臺幣6,000元"
信義區,吳興街,583巷與600巷67弄間泰和公園,121.571024,25.019113,"隨手清狗便，違者最高罰鍰新臺幣6,000元"
信義區,莊敬路,197巷眷村文化公園,121.561985,25.030869,"隨手清狗便，違者最高罰鍰新臺幣6,000元"
信義區,松山路,永春陂濕地公園01,121.580791,25.033055,"隨手清狗便，違者最高罰鍰新臺幣6,000元"
信義區,松山路,永春陂濕地公園02,121.581156,25.033993,"隨手清狗便，違者最高罰鍰新臺幣6,000元"
信義區,永吉路,30巷102弄厚生廣場,121.567811,25.043543,"隨手清狗便，違者最高罰鍰新臺幣6,000元"
信義區,吳興街,220巷59弄旁景勤1號公園01,121.561531,25.026801,"隨手清狗便，違者最高罰鍰新臺幣6,000元"
信義區,吳興街,220巷59弄旁景勤1號公園02,121.5616,25.026744,"隨手清狗便，違者最高罰鍰新臺幣6,000元"
信義區,吳興街,220巷59弄旁景勤1號公園03,121.561032,25.028009,"隨手清狗便，違者最高罰鍰新臺幣6,000元"
信義區,虎林街,164巷與松德路邊中全公園,121.5754438,25.038592,"隨手清狗便，違者最高罰鍰新臺幣6,000元"
信義區,永吉路,120巷80弄富生三公園,121.569332,25.04282,"隨手清狗便，違者最高罰鍰新臺幣6,000元"
信義區,基隆路,1段109巷與松隆路邊革新公園,121.567316,25.043706,"隨手清狗便，違者最高罰鍰新臺幣6,000元"
信義區,松隆路,272號與永吉路225巷邊五常公園,121.574297,25.047432,"隨手清狗便，違者最高罰鍰新臺幣6,000元"
信義區,莊敬路,289巷口景平公園,121.563989,25.029786,"隨手清狗便，違者最高罰鍰新臺幣6,000元"
信義區,吳興街,156巷40弄與吳興街118巷間三興公園,121.559772,25.028588,"隨手清狗便，違者最高罰鍰新臺幣6,000元"
信義區,信安街,67巷景勤2號公園,121.5579557,25.02607938,"隨手清狗便，違者最高罰鍰新臺幣6,000元"
信義區,吳興街,600巷旁糶米公園,121.5718749,25.01850836,"隨手清狗便，違者最高罰鍰新臺幣6,000元"
大安區,和平東路,1段162號(箱編:4004 ),121.527504,25.02657,"隨手清狗便，違者最高罰鍰新臺幣6,000元"
大安區,和平東路,2段20號前(箱編:7015 ),121.536181,25.025722,"隨手清狗便，違者最高罰鍰新臺幣6,000元"
大安區,敦化南路,2段120號鳳雛公園(箱編:5012 ),121.548455,25.0265281,"隨手清狗便，違者最高罰鍰新臺幣6,000元"
大安區,和平東路,2段與瑞安街口(箱編:6027 ),121.53868,25.025691,"隨手清狗便，違者最高罰鍰新臺幣6,000元"
大安區,瑞安街,與和平東路2段交叉口(箱編:6026 ),121.539077,25.025627,"隨手清狗便，違者最高罰鍰新臺幣6,000元"
大安區,新生南路,2段36號(箱編:4012 ),121.533551,25.030343,"隨手清狗便，違者最高罰鍰新臺幣6,000元"
大安區,和平東路,2段大安森林公園站牌(箱編:6030 ),121.536437,25.025973,"隨手清狗便，違者最高罰鍰新臺幣6,000元"
大安區,愛國東路,31號(箱編:4032 ),121.525628,25.031948,"隨手清狗便，違者最高罰鍰新臺幣6,000元"
大安區,和平東路,1段22號(箱編:4005),121.523637,25.026881,"隨手清狗便，違者最高罰鍰新臺幣6,000元"
大安區,愛國東路,244號(箱編:4033 ),121.525438,25.031802,"隨手清狗便，違者最高罰鍰新臺幣6,000元"
大安區,仁愛路,3段22號(箱編:2013 ),121.534435,25.03773127,"隨手清狗便，違者最高罰鍰新臺幣6,000元"
大安區,忠孝東路,3段276巷口(箱編:2005 ),121.5423852,25.04150092,"隨手清狗便，違者最高罰鍰新臺幣6,000元"
大安區,忠孝東路,3段287號(箱編:2006 ),121.5428627,25.04177309,"隨手清狗便，違者最高罰鍰新臺幣6,000元"
大安區,建國南路,2段306號前公車亭(箱編:7019 ),121.53738,25.024084,"隨手清狗便，違者最高罰鍰新臺幣6,000元"
大安區,敦化南路,2段成功國宅站牌(箱編:3001 ),121.549066,25.027255,"隨手清狗便，違者最高罰鍰新臺幣6,000元"
大安區,敦化南路,2段29號(箱編:3003 ),121.5489996,25.0322905,"隨手清狗便，違者最高罰鍰新臺幣6,000元"
大安區,和平東路,2段42-1號建國高架橋下(箱編:7002),121.537434,25.025553,"隨手清狗便，違者最高罰鍰新臺幣6,000元"
大安區,仁愛路,4段296號(箱編:3010 ),121.553678,25.0375768,"隨手清狗便，違者最高罰鍰新臺幣6,000元"
大安區,和平東路,1段104巷旁(箱編:4019 ),121.528326,25.026505,"隨手清狗便，違者最高罰鍰新臺幣6,000元"
大安區,基隆路,與和平東路口-六張犁捷運站(箱編:5029 ),121.55262,25.023926,"隨手清狗便，違者最高罰鍰新臺幣6,000元"
大安區,忠孝東路,4段120號(箱編:1017),121.547446,25.041396,"隨手清狗便，違者最高罰鍰新臺幣6,000元"
大安區,敦化南路,1段226號(箱編:1032),121.548503,25.040943,"隨手清狗便，違者最高罰鍰新臺幣6,000元"
大安區,辛亥路,3段239號青峰公園(青峰狗活動區),121.551481,25.015586,"隨手清狗便，違者最高罰鍰新臺幣6,000元"
大安區,基隆路,4段溪洲河濱公園(福和橋下),121.532641,25.008998,"隨手清狗便，違者最高罰鍰新臺幣6,000元"
大安區,思源街,古亭河濱公園(永福橋下),121.527752,25.011369,"隨手清狗便，違者最高罰鍰新臺幣6,000元"
大安區,嘉興街,與樂業街交叉口嘉興公園,121.551648,25.021296,"隨手清狗便，違者最高罰鍰新臺幣6,000元"
大安區,溫州街,46巷大學公園,121.532633,25.021862,"隨手清狗便，違者最高罰鍰新臺幣6,000元"
大安區,安東街,52號大安公園,121.54255,25.042974,"隨手清狗便，違者最高罰鍰新臺幣6,000元"
大安區,羅斯福路,3段283巷與新生南路3段86巷口溫州公園,121.531326,25.018915,"隨手清狗便，違者最高罰鍰新臺幣6,000元"
大安區,復興南路,至建國南路?公圳公園,121.543276,25.043366,"隨手清狗便，違者最高罰鍰新臺幣6,000元"
大安區,復興南路,1段135巷與大安路1段路口?公公園,121.545795,25.042385,"隨手清狗便，違者最高罰鍰新臺幣6,000元"
大安區,復興南路,2段78巷42弄龍圖公園,121.541635,25.030503,"隨手清狗便，違者最高罰鍰新臺幣6,000元"
大安區,和平東路,2段118巷6弄和平公園,121.5424319,25.0235719,"隨手清狗便，違者最高罰鍰新臺幣6,000元"
大安區,師大路,92巷古莊公園(工具間旁),121.527519,25.022434,"隨手清狗便，違者最高罰鍰新臺幣6,000元"
中山區,民權東路,3段榮星公園周邊近建國北路(箱編:2037),121.538313,25.062514,"隨手清狗便，違者最高罰鍰新臺幣6,000元"
中山區,龍江路,公車專用道候車亭與南京東路口(箱編:4001),121.540572,25.051952,"隨手清狗便，違者最高罰鍰新臺幣6,000元"
中山區,林森北路,40號(箱編:6029),121.524181,25.048144,"隨手清狗便，違者最高罰鍰新臺幣6,000元"
中山區,中山北路,1段53巷口(箱編:6028),121.522716,25.049056,"隨手清狗便，違者最高罰鍰新臺幣6,000元"
中山區,林森北路,15號公園周邊(箱編:6008),121.525313,25.053368,"隨手清狗便，違者最高罰鍰新臺幣6,000元"
中山區,南京東路,1段1號(箱編:6013),121.522835,25.052328,"隨手清狗便，違者最高罰鍰新臺幣6,000元"
中山區,南京東路,1段公車站-雙號(箱編:6010),121.525092,25.052094,"隨手清狗便，違者最高罰鍰新臺幣6,000元"
中山區,南京東路,1段公車站-單號(箱編:6005),121.525722,25.05211,"隨手清狗便，違者最高罰鍰新臺幣6,000元"
中山區,林森北路,14號公園周邊(箱編:6002),121.527328,25.053371,"隨手清狗便，違者最高罰鍰新臺幣6,000元"
中山區,林森北路,14號公園周邊(箱編:6006),121.525526,25.053471,"隨手清狗便，違者最高罰鍰新臺幣6,000元"
中山區,渭水路,3巷旁(箱編:7026),121.533556,25.045737,"隨手清狗便，違者最高罰鍰新臺幣6,000元"
中山區,中山北路,3段市立美術館前(箱編:1041),121.523945,25.072079,"隨手清狗便，違者最高罰鍰新臺幣6,000元"
中山區,建國北路,與南京東路口(箱編:4054),121.537157,25.052036,"隨手清狗便，違者最高罰鍰新臺幣6,000元"
中山區,中山北路,3段62號圓山派出所前(箱編:1037),121.523932,25.072711,"隨手清狗便，違者最高罰鍰新臺幣6,000元"
中山區,北安路,520號對面(箱編:5003),121.546367,25.079964,"隨手清狗便，違者最高罰鍰新臺幣6,000元"
中山區,濱江街,大佳河濱公園(膜構旁),121.538717,25.07429,"隨手清狗便，違者最高罰鍰新臺幣6,000元"
中山區,樂群一路,美堤河濱公園(天空咖啡周邊),121.560358,25.076033,"隨手清狗便，違者最高罰鍰新臺幣6,000元"
中山區,林森北路,右側與市民大道2段交叉口華山公園01,121.52504,25.047954,"隨手清狗便，違者最高罰鍰新臺幣6,000元"
中山區,林森北路,左側與市民大道2段交叉口華山公園02,121.525785,25.047814,"隨手清狗便，違者最高罰鍰新臺幣6,000元"
中山區,天津街,左側與市民大道2段交叉口華山公園03,121.522177,25.048277,"隨手清狗便，違者最高罰鍰新臺幣6,000元"
中山區,中山北路,2段65巷2弄中安公園,121.523893,25.056533,"隨手清狗便，違者最高罰鍰新臺幣6,000元"
中山區,基湖路,120巷30弄中430公園(告示牌旁),121.561919,25.078461,"隨手清狗便，違者最高罰鍰新臺幣6,000元"
中山區,基湖路,151巷46弄對面中431公園(告示牌旁),121.565289,25.07735,"隨手清狗便，違者最高罰鍰新臺幣6,000元"
中山區,北安路,608巷14弄1號永直公園,121.550437,25.081476,"隨手清狗便，違者最高罰鍰新臺幣6,000元"
中山區,遼寧街,116巷旁興國公園,121.541844,25.053112,"隨手清狗便，違者最高罰鍰新臺幣6,000元"
中正區,羅斯福路,4段142號(箱編:6024),121.535972,25.012837,"隨手清狗便，違者最高罰鍰新臺幣6,000元"
中正區,天津街,警政署側門旁(箱編:3021),121.521919,25.046156,"隨手清狗便，違者最高罰鍰新臺幣6,000元"
中正區,北平東路,與林森北路口(箱編:3032),121.5237645,25.0463432,"隨手清狗便，違者最高罰鍰新臺幣6,000元"
中正區,信義路,1段南側與中山南路口-中正紀念堂旁(箱編:2032),121.51813,25.038335,"隨手清狗便，違者最高罰鍰新臺幣6,000元"
中正區,信義路,1段1號北側與中山南路口-張榮發基金會前(箱編:2027),121.517701,25.038746,"隨手清狗便，違者最高罰鍰新臺幣6,000元"
中正區,中山南路,與愛國東路口-捷運站5號出口(箱編:2005),121.51712,25.034755,"隨手清狗便，違者最高罰鍰新臺幣6,000元"
中正區,公園路,台大醫院3號出口-復健部(箱編:1069),121.5167524,25.0431906,"隨手清狗便，違者最高罰鍰新臺幣6,000元"
中正區,公園路,台大醫院捷運站4號出入口(箱編:1071),121.5164174,25.042759,"隨手清狗便，違者最高罰鍰新臺幣6,000元"
中正區,羅斯福路,3段46巷口(箱編:4031),121.525523,25.022885,"隨手清狗便，違者最高罰鍰新臺幣6,000元"
中正區,南昌路,1段1-1號(箱編:4013),121.515377,25.033786,"隨手清狗便，違者最高罰鍰新臺幣6,000元"
中正區,汀州路,2段19號對面螢橋國小公車站牌(箱編:4002),121.51471,25.026074,"隨手清狗便，違者最高罰鍰新臺幣6,000元"
中正區,和平西路,2段植物園前(箱編:5020),121.508572,25.030945,"隨手清狗便，違者最高罰鍰新臺幣6,000元"
中正區,和平西路,2段104巷口(箱編:5034),121.508276,25.03095,"隨手清狗便，違者最高罰鍰新臺幣6,000元"
中正區,公園路,228公園與常德街口(箱編:1073),121.5160573,25.0415,"隨手清狗便，違者最高罰鍰新臺幣6,000元"
中正區,仁愛路,1段南側與中山南路口-張榮發基金會前(箱編:2029),121.518236,25.0390875,"隨手清狗便，違者最高罰鍰新臺幣6,000元"
中正區,市民大道,2段與林森北路口(華山公園狗活動區01),121.523707,25.047322,"隨手清狗便，違者最高罰鍰新臺幣6,000元"
中正區,市民大道,2段與林森北路口(華山公園狗活動區02),121.523713,25.047387,"隨手清狗便，違者最高罰鍰新臺幣6,000元"
中正區,市民大道,2段與林森北路口(華山公園狗活動區03),121.523476,25.047595,"隨手清狗便，違者最高罰鍰新臺幣6,000元"
中正區,市民大道,2段與林森北路口(華山公園狗活動區04),121.523529,25.047602,"隨手清狗便，違者最高罰鍰新臺幣6,000元"
中正區,北平東路,30號中央藝文公園01(大草坪旁跑道彎角處),121.526091,25.0468402,"隨手清狗便，違者最高罰鍰新臺幣6,000元"
中正區,北平東路,30號中央藝文公園02(市民大道入口處),121.5276698,25.0468198,"隨手清狗便，違者最高罰鍰新臺幣6,000元"
中正區,凱達格蘭大道,3號二二八和平公園(靠近衡陽路出口),121.5144955,25.0422985,"隨手清狗便，違者最高罰鍰新臺幣6,000元"
中正區,寧波西街,181巷30號永昌公園(靠近溜滑梯的涼亭旁),121.5102214,25.0264497,"隨手清狗便，違者最高罰鍰新臺幣6,000元"
大同區,敦煌路,環河北路2段口01(箱編:2016),121.510139,25.076248,"隨手清狗便，違者最高罰鍰新臺幣6,000元"
大同區,寧夏路,與南京西路口鄰里公園前(箱編:4048),121.514835,25.05428,"隨手清狗便，違者最高罰鍰新臺幣6,000元"
大同區,承德路,3段336號-明倫高中新大門前(箱編:1018),121.519113,25.075608,"隨手清狗便，違者最高罰鍰新臺幣6,000元"
大同區,塔城街,忠孝西路口(箱編:3042),121.509598,25.048334,"隨手清狗便，違者最高罰鍰新臺幣6,000元"
大同區,平陽街,10號斜對面人行道上(箱編:4011),121.516411,25.055363,"隨手清狗便，違者最高罰鍰新臺幣6,000元"
大同區,敦煌路,環河北路2段口02(箱編:2021),121.510282,25.076276,"隨手清狗便，違者最高罰鍰新臺幣6,000元"
大同區,敦煌路,163號對面(箱編:2023),121.511446,25.076393,"隨手清狗便，違者最高罰鍰新臺幣6,000元"
大同區,蘭州街,56號對面蘭州公園(箱編:1029),121.51519,25.06411,"隨手清狗便，違者最高罰鍰新臺幣6,000元"
大同區,塔城街,塔城公園之公車亭後方(箱編:3029),121.510572,25.050675,"隨手清狗便，違者最高罰鍰新臺幣6,000元"
大同區,民生西路,241號天主堂旁公車站牌(箱編:4038),121.515061,25.057138,"隨手清狗便，違者最高罰鍰新臺幣6,000元"
大同區,承德路,2段成淵高中前公車站(箱編:4018),121.518386,25.060865,"隨手清狗便，違者最高罰鍰新臺幣6,000元"
大同區,環河北路,2段污水廠(箱編:2018),121.50911,25.07356,"隨手清狗便，違者最高罰鍰新臺幣6,000元"
大同區,忠孝西路,2段11號旁(箱編:3041),121.509014,25.048448,"隨手清狗便，違者最高罰鍰新臺幣6,000元"
大同區,環河北路,2段污水處理廠(箱編:2017),121.50921,25.07268,"隨手清狗便，違者最高罰鍰新臺幣6,000元"
大同區,忠孝西路,2段25號旁(箱編:3044),121.508449,25.048598,"隨手清狗便，違者最高罰鍰新臺幣6,000元"
大同區,承德路,3段336號明倫高中舊大門(箱編:1017),121.519837,25.075358,"隨手清狗便，違者最高罰鍰新臺幣6,000元"
大同區,承德路,3段303之1號(箱編:1019),121.520205,25.075986,"隨手清狗便，違者最高罰鍰新臺幣6,000元"
大同區,民權西路,84號花圃旁(箱編:4019),121.519061,25.062719,"隨手清狗便，違者最高罰鍰新臺幣6,000元"
大同區,環河北路,2段延平河濱公園堤外綠地(延平狗活動區01),121.508627,25.074328,"隨手清狗便，違者最高罰鍰新臺幣6,000元"
大同區,環河北路,2段延平河濱公園堤外綠地(延平狗活動區02),121.508554,25.074313,"隨手清狗便，違者最高罰鍰新臺幣6,000元"
大同區,民生西路,延平河濱公園(大稻埕碼頭廣場),121.507448,25.056344,"隨手清狗便，違者最高罰鍰新臺幣6,000元"
大同區,大龍街,樹德公園(告示牌旁01),121.516139,25.066691,"隨手清狗便，違者最高罰鍰新臺幣6,000元"
大同區,大龍街,樹德公園(告示牌旁02),121.516174,25.066756,"隨手清狗便，違者最高罰鍰新臺幣6,000元"
大同區,民權西路,184巷11弄德鄰公園(告示牌旁),121.514711,25.062033,"隨手清狗便，違者最高罰鍰新臺幣6,000元"
大同區,錦西街,51號對面蔣渭水公園,121.516513,25.059894,"隨手清狗便，違者最高罰鍰新臺幣6,000元"
大同區,歸綏街,241號隔壁大稻埕公園,121.510437,25.058914,"隨手清狗便，違者最高罰鍰新臺幣6,000元"
大同區,大龍街,244號大龍公園,121.515605,25.070481,"隨手清狗便，違者最高罰鍰新臺幣6,000元"
大同區,蘭州街,89巷蘭州公園(告示牌旁),121.515288,25.064198,"隨手清狗便，違者最高罰鍰新臺幣6,000元"
大同區,塔城街,7號旁塔城公園,121.510795,25.050789,"隨手清狗便，違者最高罰鍰新臺幣6,000元"
大同區,重慶北路,2段與歸綏街口歸綏公園,121.512998,25.058153,"隨手清狗便，違者最高罰鍰新臺幣6,000元"
大同區,迪化街,2段243巷迪化公園(告示牌旁),121.512073,25.071172,"隨手清狗便，違者最高罰鍰新臺幣6,000元"
大同區,歸綏街,250巷忠和公園,121.508776,25.057977,"隨手清狗便，違者最高罰鍰新臺幣6,000元"
大同區,重慶北路,2段70巷朝陽公園01,121.513564,25.055968,"隨手清狗便，違者最高罰鍰新臺幣6,000元"
大同區,重慶北路,2段70巷朝陽公園02,121.513522,25.056109,"隨手清狗便，違者最高罰鍰新臺幣6,000元"
大同區,昌吉街,131巷西側國順公園,121.509857,25.066044,"隨手清狗便，違者最高罰鍰新臺幣6,000元"
大同區,敦煌路,125號大同248綠地,121.513,25.0766,"隨手清狗便，違者最高罰鍰新臺幣6,000元"
大同區,迪化街,364巷西北側大同249綠地,121.5098,25.0772,"隨手清狗便，違者最高罰鍰新臺幣6,000元"
大同區,迪化街,364巷東南側大同250綠地,121.5097,25.0772,"隨手清狗便，違者最高罰鍰新臺幣6,000元"
大同區,環河北路,敦煌路口三角綠地大同251號綠地,121.509547,25.076923,"隨手清狗便，違者最高罰鍰新臺幣6,000元"
萬華區,青年路,184號對面停車格第40號(箱編:6017),121.503385,25.0206953,"隨手清狗便，違者最高罰鍰新臺幣6,000元"
萬華區,中華路,1段90號前(箱編:1016),121.508752,25.044769,"隨手清狗便，違者最高罰鍰新臺幣6,000元"
萬華區,環河南路,1段280號之1對面公園(箱編:2015),121.500056,25.041851,"隨手清狗便，違者最高罰鍰新臺幣6,000元"
萬華區,和平西路,3段235號龍山國小大門口旁(箱編:3009),121.496302,25.0355,"隨手清狗便，違者最高罰鍰新臺幣6,000元"
萬華區,環河南路,2段278號大森幼稚園前(箱編:4012),121.491389,25.032124,"隨手清狗便，違者最高罰鍰新臺幣6,000元"
萬華區,環河南路,3段與武成街101巷口公佈欄旁(箱編:5009),121.493611,25.018889,"隨手清狗便，違者最高罰鍰新臺幣6,000元"
萬華區,中華路,1段與開封街口(箱編:1003),121.509163,25.046095,"隨手清狗便，違者最高罰鍰新臺幣6,000元"
萬華區,環河南路,3段121號旁(箱編:5010),121.49109,25.024009,"隨手清狗便，違者最高罰鍰新臺幣6,000元"
萬華區,環河南路,1段280號之1對面(箱編:2010),121.49984,25.041505,"隨手清狗便，違者最高罰鍰新臺幣6,000元"
萬華區,環河南路,3段203號(箱編:5011),121.492342,25.021614,"隨手清狗便，違者最高罰鍰新臺幣6,000元"
萬華區,環河南路,2段250巷31號對面(箱編:4002),121.489866,25.034227,"隨手清狗便，違者最高罰鍰新臺幣6,000元"
萬華區,中華路,1段100號(箱編:1009),121.508574,25.044128,"隨手清狗便，違者最高罰鍰新臺幣6,000元"
萬華區,峨嵋街,58號(箱編:2027),121.504928,25.043986,"隨手清狗便，違者最高罰鍰新臺幣6,000元"
萬華區,西園路,2段281巷口與德昌街-錦德公園(箱編:5013),121.492233,25.023097,"隨手清狗便，違者最高罰鍰新臺幣6,000元"
萬華區,和平西路,3段382巷12弄54號斜對面(箱編:4005),121.490291,25.034722,"隨手清狗便，違者最高罰鍰新臺幣6,000元"
萬華區,水源路,199號(箱編:6002),121.507341,25.02219,"隨手清狗便，違者最高罰鍰新臺幣6,000元"
萬華區,長順街,123巷口(箱編:4010),121.488865,25.032382,"隨手清狗便，違者最高罰鍰新臺幣6,000元"
萬華區,環河南路,1段280之3號前(箱編:2026),121.499565,25.041535,"隨手清狗便，違者最高罰鍰新臺幣6,000元"
萬華區,環河南路,2段93號公車站牌前(箱編:3003),121.495077,25.036347,"隨手清狗便，違者最高罰鍰新臺幣6,000元"
萬華區,環河南路,2段95號天橋旁(箱編:3001),121.494812,25.035773,"隨手清狗便，違者最高罰鍰新臺幣6,000元"
萬華區,環河南路,3段287號-公車站旁(箱編:5005),121.493468,25.018699,"隨手清狗便，違者最高罰鍰新臺幣6,000元"
萬華區,桂林路,140號前(箱編:3002),121.498611,25.038564,"隨手清狗便，違者最高罰鍰新臺幣6,000元"
萬華區,萬大路,344巷口-萬大國小旁(箱編:5015),121.499943,25.023698,"隨手清狗便，違者最高罰鍰新臺幣6,000元"
萬華區,中華路,1段136號(箱編:1010),121.50839,25.04334,"隨手清狗便，違者最高罰鍰新臺幣6,000元"
萬華區,長順街,越堤綠地(華江狗活動區01),121.486591,25.032684,"隨手清狗便，違者最高罰鍰新臺幣6,000元"
萬華區,長順街,越堤綠地(華江狗活動區02),121.489946,25.032691,"隨手清狗便，違者最高罰鍰新臺幣6,000元"
萬華區,青年路,馬場町河濱公園(馬場町廣場),121.5044161,25.0193656,"隨手清狗便，違者最高罰鍰新臺幣6,000元"
萬華區,萬大路,華中河濱公園(華中橋下),121.4946264,25.0149813,"隨手清狗便，違者最高罰鍰新臺幣6,000元"
萬華區,水源路,199號青年公園01,121.503538,25.02082,"隨手清狗便，違者最高罰鍰新臺幣6,000元"
萬華區,水源路,199號青年公園02,121.506458,25.021876,"隨手清狗便，違者最高罰鍰新臺幣6,000元"
萬華區,西園路,1段與艋舺大道交叉口和平青草園公園01,121.497217,25.032519,"隨手清狗便，違者最高罰鍰新臺幣6,000元"
萬華區,西園路,1段與艋舺大道交叉口和平青草園公園02,121.49737,25.032858,"隨手清狗便，違者最高罰鍰新臺幣6,000元"
萬華區,西園路,1段與艋舺大道交叉口和平青草園公園03,121.497299,25.032903,"隨手清狗便，違者最高罰鍰新臺幣6,000元"
萬華區,大理街,160巷旁糖?文化園區01,121.494155,25.033195,"隨手清狗便，違者最高罰鍰新臺幣6,000元"
萬華區,大理街,160巷旁糖?文化園區02,121.494652,25.033795,"隨手清狗便，違者最高罰鍰新臺幣6,000元"
萬華區,長順街,46巷旁長順公園,121.488927,25.031883,"隨手清狗便，違者最高罰鍰新臺幣6,000元"
萬華區,漢口街,與昆明街交叉口福星公園,121.505923,25.04612,"隨手清狗便，違者最高罰鍰新臺幣6,000元"
萬華區,寶興街,140巷17弄孝德公園(體健設施旁),121.494302,25.02409,"隨手清狗便，違者最高罰鍰新臺幣6,000元"
文山區,景福街,120號前(箱編:1007),121.536204,24.997088,"隨手清狗便，違者最高罰鍰新臺幣6,000元"
文山區,辛亥路,4段85號對面(箱編:2020),121.558562,25.007168,"隨手清狗便，違者最高罰鍰新臺幣6,000元"
文山區,指南路,3段38巷16之1號-樟湖橋(箱編:4010),121.587178,24.970748,"隨手清狗便，違者最高罰鍰新臺幣6,000元"
文山區,木柵路,1段公車站牌-世新大學站(箱編:3009),121.544017,24.988485,"隨手清狗便，違者最高罰鍰新臺幣6,000元"
文山區,辛亥路,4段95號對面(箱編:1002),121.558522,25.006791,"隨手清狗便，違者最高罰鍰新臺幣6,000元"
文山區,羅斯福路,5段215號(箱編:1004),121.539049,25.0021799,"隨手清狗便，違者最高罰鍰新臺幣6,000元"
文山區,忠順街,2段22號全聯超市前右側(箱編:3001),121.563188,24.984862,"隨手清狗便，違者最高罰鍰新臺幣6,000元"
文山區,指南路,3段40巷草湳橋(箱編:4031),121.605581,24.970444,"隨手清狗便，違者最高罰鍰新臺幣6,000元"
文山區,忠順街,2段22號全聯超市前左側(箱編:3007),121.563108,24.984886,"隨手清狗便，違者最高罰鍰新臺幣6,000元"
文山區,指南路,3段38巷18之2號旁-貓空纜車站公車站牌對面(箱編:4012),121.587896,24.968292,"隨手清狗便，違者最高罰鍰新臺幣6,000元"
文山區,木柵路,5段43巷151號福德坑復育園區01(第二停車場),121.591829,25.007652,"隨手清狗便，違者最高罰鍰新臺幣6,000元"
文山區,木柵路,5段43巷151號福德坑復育園區02(第五停車場),121.593839,25.01178,"隨手清狗便，違者最高罰鍰新臺幣6,000元"
文山區,木柵路,5段43巷151號福德坑復育園區03(太陽能廣場),121.592726,25.00906,"隨手清狗便，違者最高罰鍰新臺幣6,000元"
文山區,新光路,2段道南河濱公園左岸(萬興狗活動區01),121.57604,24.997367,"隨手清狗便，違者最高罰鍰新臺幣6,000元"
文山區,新光路,2段道南河濱公園左岸(萬興狗活動區02),121.576034,24.99733,"隨手清狗便，違者最高罰鍰新臺幣6,000元"
文山區,新光路,2段道南河濱公園左岸(萬興狗活動區03),121.576155,24.997847,"隨手清狗便，違者最高罰鍰新臺幣6,000元"
文山區,新光路,2段道南河濱公園左岸(萬興狗活動區04),121.576144,24.997815,"隨手清狗便，違者最高罰鍰新臺幣6,000元"
文山區,同安街,109巷口天橋後(古亭狗活動區),121.519886,25.02068,"隨手清狗便，違者最高罰鍰新臺幣6,000元"
文山區,木新路,2段299巷道南河濱公園(恆光橋下右岸),121.5678848,24.9811451,"隨手清狗便，違者最高罰鍰新臺幣6,000元"
文山區,木柵路,1段木柵河濱公園(景美溪橋上游遊戲區廣場),121.544653,24.985377,"隨手清狗便，違者最高罰鍰新臺幣6,000元"
文山區,羅斯福路,6段景美河濱公園(北新橋下塗鴉區),121.539449,24.988349,"隨手清狗便，違者最高罰鍰新臺幣6,000元"
文山區,木新路,3段278巷7弄11號對面木新公園,121.557892,24.982256,"隨手清狗便，違者最高罰鍰新臺幣6,000元"
文山區,忠順街,1段26巷26弄口樟樹公園,121.559456,24.982896,"隨手清狗便，違者最高罰鍰新臺幣6,000元"
文山區,忠順街,1段121巷7弄12號樟林公園,121.559215,24.984804,"隨手清狗便，違者最高罰鍰新臺幣6,000元"
文山區,木新路,2段43巷1號旁木南公園01,121.570801,24.986102,"隨手清狗便，違者最高罰鍰新臺幣6,000元"
文山區,木新路,2段43巷1號旁木南公園02,121.570793,24.987205,"隨手清狗便，違者最高罰鍰新臺幣6,000元"
文山區,光輝路,9-1號光輝公園,121.555981,24.986061,"隨手清狗便，違者最高罰鍰新臺幣6,000元"
文山區,久康街,39號久康公園,121.564708,24.989293,"隨手清狗便，違者最高罰鍰新臺幣6,000元"
文山區,木新路,3段與辛亥路7段交叉口樟興公園,121.553812,24.980965,"隨手清狗便，違者最高罰鍰新臺幣6,000元"
文山區,萬芳路,原野運動公園(木柵高工旁),121.571215,24.99767,"隨手清狗便，違者最高罰鍰新臺幣6,000元"
文山區,萬芳路,與萬和街交叉口萬芳六號公園,121.569106,24.999889,"隨手清狗便，違者最高罰鍰新臺幣6,000元"
文山區,下崙路,與光輝路交叉口光明公園,121.554701,24.986584,"隨手清狗便，違者最高罰鍰新臺幣6,000元"
文山區,木新路,2段111巷底新榮公園01,121.570671,24.98364,"隨手清狗便，違者最高罰鍰新臺幣6,000元"
文山區,木新路,2段111巷底新榮公園02,121.569961,24.983327,"隨手清狗便，違者最高罰鍰新臺幣6,000元"
文山區,木新路,2段211巷10弄8號恆光公園,121.567648,24.982584,"隨手清狗便，違者最高罰鍰新臺幣6,000元"
文山區,興隆路,1段251巷3弄旁景峰公園,121.544991,24.999951,"隨手清狗便，違者最高罰鍰新臺幣6,000元"
文山區,興隆路,2段123號旁興豐公園,121.547391,25.000161,"隨手清狗便，違者最高罰鍰新臺幣6,000元"
南港區,忠孝東路,6段209號(箱編:1007),121.588031,25.049166,"隨手清狗便，違者最高罰鍰新臺幣6,000元"
南港區,三重路,與經貿二路62巷口(箱編:2037),121.614088,25.056965,"隨手清狗便，違者最高罰鍰新臺幣6,000元"
南港區,忠孝東路,6段81巷口公車站旁(箱編:1016),121.584526,25.047715,"隨手清狗便，違者最高罰鍰新臺幣6,000元"
南港區,市民大道,8段99號-北流公車站東側(箱編:2010),121.599195,25.052229,"隨手清狗便，違者最高罰鍰新臺幣6,000元"
南港區,市民大道,8段99號-北流公車站西側(箱編:2012),121.598246,25.052127,"隨手清狗便，違者最高罰鍰新臺幣6,000元"
南港區,市民大道,8段-北流無名巷(箱編:2038),121.599619,25.05326,"隨手清狗便，違者最高罰鍰新臺幣6,000元"
南港區,南港路,1段360號對面南興公園東側(箱編:2009),121.607292,25.05443,"隨手清狗便，違者最高罰鍰新臺幣6,000元"
南港區,忠孝東路,6段2號公車站旁(箱編:1010),121.582989,25.045213,"隨手清狗便，違者最高罰鍰新臺幣6,000元"
南港區,三重路,39號(箱編:2001),121.614165,25.059647,"隨手清狗便，違者最高罰鍰新臺幣6,000元"
南港區,南深路,山水綠生態公園(遊客中心),121.625026,25.029304,"隨手清狗便，違者最高罰鍰新臺幣6,000元"
南港區,南深路,山水綠生態公園(咖啡木屋),121.622846,25.029277,"隨手清狗便，違者最高罰鍰新臺幣6,000元"
南港區,南深路,山水綠生態公園(停車場),121.623846,25.028587,"隨手清狗便，違者最高罰鍰新臺幣6,000元"
南港區,南深路,山水綠生態公園(自然溪流-位於中後段),121.62558,25.025312,"隨手清狗便，違者最高罰鍰新臺幣6,000元"
南港區,南深路,山水綠生態公園(涼亭-位於遊客中心左後方之廁所附近),121.626405,25.026765,"隨手清狗便，違者最高罰鍰新臺幣6,000元"
南港區,南深路,山水綠生態公園(花廊),121.624114,25.027761,"隨手清狗便，違者最高罰鍰新臺幣6,000元"
南港區,南深路,山水綠生態公園(兒童遊樂場),121.624359,25.027255,"隨手清狗便，違者最高罰鍰新臺幣6,000元"
南港區,研究院路,2段37巷口(箱編:3005),121.615482,25.04538,"隨手清狗便，違者最高罰鍰新臺幣6,000元"
南港區,舊莊街,1段215巷口(箱編:3010),121.622829,25.038309,"隨手清狗便，違者最高罰鍰新臺幣6,000元"
南港區,研究院路,2段108號-公車站旁(箱編:3008),121.616382,25.043215,"隨手清狗便，違者最高罰鍰新臺幣6,000元"
南港區,中坡南路,55號(玉成公園狗活動區01),121.584247,25.042456,"隨手清狗便，違者最高罰鍰新臺幣6,000元"
南港區,中坡南路,55號(玉成公園狗活動區02),121.584392,25.042349,"隨手清狗便，違者最高罰鍰新臺幣6,000元"
南港區,中坡南路,55號玉成公園01,121.586473,25.042387,"隨手清狗便，違者最高罰鍰新臺幣6,000元"
南港區,中坡南路,55號玉成公園02,121.584402,25.042829,"隨手清狗便，違者最高罰鍰新臺幣6,000元"
南港區,昆陽街,152巷33號新勝公園01,121.59299,25.048875,"隨手清狗便，違者最高罰鍰新臺幣6,000元"
南港區,昆陽街,152巷33號新勝公園02,121.593499,25.04896,"隨手清狗便，違者最高罰鍰新臺幣6,000元"
南港區,忠孝東路,6段70巷10號對面萬福公園,121.584563,25.046267,"隨手清狗便，違者最高罰鍰新臺幣6,000元"
南港區,研究院路,2段12巷58弄中研公園,121.612461,25.047378,"隨手清狗便，違者最高罰鍰新臺幣6,000元"
南港區,玉成街,46號合樂公園,121.581832,25.048475,"隨手清狗便，違者最高罰鍰新臺幣6,000元"
南港區,東新街,與市民大道交叉口玉東公園01,121.583862,25.050103,"隨手清狗便，違者最高罰鍰新臺幣6,000元"
南港區,東新街,與市民大道交叉口玉東公園02,121.584248,25.050378,"隨手清狗便，違者最高罰鍰新臺幣6,000元"
南港區,東新街,與市民大道交叉口玉東公園03,121.58409,25.050026,"隨手清狗便，違者最高罰鍰新臺幣6,000元"
南港區,東新街,與市民大道交叉口玉東公園04,121.584554,25.050111,"隨手清狗便，違者最高罰鍰新臺幣6,000元"
南港區,永吉路,536巷與中坡北路交叉口合成公園,121.581091,25.045106,"隨手清狗便，違者最高罰鍰新臺幣6,000元"
南港區,重陽路,187巷旁東陽公園01,121.597948,25.057823,"隨手清狗便，違者最高罰鍰新臺幣6,000元"
南港區,重陽路,187巷旁東陽公園02,121.598292,25.057213,"隨手清狗便，違者最高罰鍰新臺幣6,000元"
南港區,重陽路,120號旁重陽公園01,121.599286,25.056035,"隨手清狗便，違者最高罰鍰新臺幣6,000元"
南港區,重陽路,120號旁重陽公園02,121.599023,25.056503,"隨手清狗便，違者最高罰鍰新臺幣6,000元"
南港區,興南街,與重陽路交叉口興南公園,121.603616,25.057285,"隨手清狗便，違者最高罰鍰新臺幣6,000元"
南港區,興華路,114巷興華公園,121.60466,25.056776,"隨手清狗便，違者最高罰鍰新臺幣6,000元"
南港區,南港路,2段86巷9弄東明公園,121.603375,25.05479,"隨手清狗便，違者最高罰鍰新臺幣6,000元"
南港區,南港路,1段356號南側南興公園,121.607113,25.054353,"隨手清狗便，違者最高罰鍰新臺幣6,000元"
南港區,研究院路,1段65巷新富公園,121.616906,25.053012,"隨手清狗便，違者最高罰鍰新臺幣6,000元"
南港區,研究院路,2段35巷23弄六福公園,121.616329,25.047796,"隨手清狗便，違者最高罰鍰新臺幣6,000元"
南港區,研究院路,2段61巷1弄16號福山公園,121.617737,25.044585,"隨手清狗便，違者最高罰鍰新臺幣6,000元"
南港區,舊莊街,1段145巷12號前舊莊公園,121.620395,25.041294,"隨手清狗便，違者最高罰鍰新臺幣6,000元"
南港區,舊莊街,1段145巷6弄28號理想公園,121.62154,25.039942,"隨手清狗便，違者最高罰鍰新臺幣6,000元"
南港區,經貿二路,255巷港後公園,121.615317,25.06277,"隨手清狗便，違者最高罰鍰新臺幣6,000元"
南港區,經園街,66號經貿公園,121.616604,25.062553,"隨手清狗便，違者最高罰鍰新臺幣6,000元"
南港區,研究院路,2段35巷旁幸福公園,121.616059,25.046129,"隨手清狗便，違者最高罰鍰新臺幣6,000元"
南港區,八德路,4段877號錫口廊道,121.579851,25.050881,"隨手清狗便，違者最高罰鍰新臺幣6,000元"
南港區,玉成街,38巷東北側市民公園,121.582061,25.049452,"隨手清狗便，違者最高罰鍰新臺幣6,000元"
南港區,南港路,3段109巷南側新新公園01,121.589963,25.05085,"隨手清狗便，違者最高罰鍰新臺幣6,000元"
南港區,南港路,3段109巷南側新新公園02,121.589934,25.051679,"隨手清狗便，違者最高罰鍰新臺幣6,000元"
南港區,南港路,3段109巷南側新新公園03,121.589003,25.051722,"隨手清狗便，違者最高罰鍰新臺幣6,000元"
南港區,南港路,3段109巷南側新新公園04,121.590556,25.051198,"隨手清狗便，違者最高罰鍰新臺幣6,000元"
南港區,東新街,170巷5號後側合成8號綠地01,121.5867823,25.0489737,"隨手清狗便，違者最高罰鍰新臺幣6,000元"
南港區,東新街,170巷5號後側合成8號綠地02,121.5859522,25.048717,"隨手清狗便，違者最高罰鍰新臺幣6,000元"
南港區,忠孝東路,6段至東新街口合成18號綠地,121.584128,25.04751,"隨手清狗便，違者最高罰鍰新臺幣6,000元"
南港區,玉成街,與忠孝東路6段交叉口合心廣場01,121.583291,25.046542,"隨手清狗便，違者最高罰鍰新臺幣6,000元"
南港區,玉成街,與忠孝東路6段交叉口合心廣場02,121.58287,25.046344,"隨手清狗便，違者最高罰鍰新臺幣6,000元"
南港區,南港路,2段104號東新綠地01,121.5997646,25.0545287,"隨手清狗便，違者最高罰鍰新臺幣6,000元"
南港區,南港路,2段104號東新綠地02,121.6008294,25.054881,"隨手清狗便，違者最高罰鍰新臺幣6,000元"
南港區,興南街,272巷3號對面新陽綠地01,121.5986514,25.0547926,"隨手清狗便，違者最高罰鍰新臺幣6,000元"
南港區,興南街,272巷3號對面新陽綠地02,121.597125,25.055163,"隨手清狗便，違者最高罰鍰新臺幣6,000元"
南港區,研究院路,2段150巷底九如綠地01(四分溪旁),121.615903,25.0382569,"隨手清狗便，違者最高罰鍰新臺幣6,000元"
南港區,研究院路,2段150巷底九如綠地02,121.615804,25.038216,"隨手清狗便，違者最高罰鍰新臺幣6,000元"
南港區,研究院路,3段68巷6號四分綠地01(遊戲場),121.615303,25.036317,"隨手清狗便，違者最高罰鍰新臺幣6,000元"
南港區,研究院路,3段68巷6號四分綠地02(共融遊戲場),121.614429,25.035995,"隨手清狗便，違者最高罰鍰新臺幣6,000元"
南港區,研究院路,1段151巷口富南綠地,121.6156944,25.0508232,"隨手清狗便，違者最高罰鍰新臺幣6,000元"
內湖區,文德路,91號右側公園邊(箱編:4022),121.582943,25.078615,"隨手清狗便，違者最高罰鍰新臺幣6,000元"
內湖區,成功路,5段大湖公園游泳池前(箱編:2008),121.602535,25.083526,"隨手清狗便，違者最高罰鍰新臺幣6,000元"
內湖區,康寧路,3段60號明湖國中(箱編:3011),121.610886,25.070589,"隨手清狗便，違者最高罰鍰新臺幣6,000元"
內湖區,瑞光路,321號台北花市站牌(箱編:5015),121.57307,25.07734,"隨手清狗便，違者最高罰鍰新臺幣6,000元"
內湖區,內湖路,1段101號公車站牌(箱編:4011),121.5615179,25.084428,"隨手清狗便，違者最高罰鍰新臺幣6,000元"
內湖區,內湖路,1段741號左側(箱編:4005),121.578761,25.078827,"隨手清狗便，違者最高罰鍰新臺幣6,000元"
內湖區,內湖路,1段217巷口公車站牌右側(箱編:4009),121.564168,25.08309,"隨手清狗便，違者最高罰鍰新臺幣6,000元"
內湖區,基湖路,8號-內湖基湖路口站牌(箱編:5018),121.565255,25.08195,"隨手清狗便，違者最高罰鍰新臺幣6,000元"
內湖區,內湖路,1段277號公車站牌(箱編:4008),121.56579,25.082465,"隨手清狗便，違者最高罰鍰新臺幣6,000元"
內湖區,內湖路,1段225巷口(箱編:4014),121.564774,25.082788,"隨手清狗便，違者最高罰鍰新臺幣6,000元"
內湖區,內湖路,1段594號公車站牌右側(箱編:4023),121.57771,25.078965,"隨手清狗便，違者最高罰鍰新臺幣6,000元"
內湖區,瑞光路,356號台北花市站牌(箱編:5027),121.573312,25.077037,"隨手清狗便，違者最高罰鍰新臺幣6,000元"
內湖區,內湖路,1段733號公車站牌(箱編:4007),121.577909,25.079135,"隨手清狗便，違者最高罰鍰新臺幣6,000元"
內湖區,內湖路,1段729號公車站牌(箱編:4006),121.578019,25.079089,"隨手清狗便，違者最高罰鍰新臺幣6,000元"
內湖區,文德路,25號公車站牌(箱編:4003),121.580636,25.078599,"隨手清狗便，違者最高罰鍰新臺幣6,000元"
內湖區,民權東路,6段253號前人行道(箱編:1015),121.601013,25.067322,"隨手清狗便，違者最高罰鍰新臺幣6,000元"
內湖區,成功路,5段大湖公園捷運站1號出口(箱編:2012),121.602631,25.083767,"隨手清狗便，違者最高罰鍰新臺幣6,000元"
內湖區,內湖路,2段177號(箱編:2014),121.587041,25.081281,"隨手清狗便，違者最高罰鍰新臺幣6,000元"
內湖區,成功路,5段404號對面候車亭(箱編:3006),121.607143,25.075824,"隨手清狗便，違者最高罰鍰新臺幣6,000元"
內湖區,康寧路,3段81號公車站牌(箱編:3004),121.609381,25.071824,"隨手清狗便，違者最高罰鍰新臺幣6,000元"
內湖區,成功路,5段450巷23弄口-葫洲捷運站(箱編:3020),121.608274,25.072665,"隨手清狗便，違者最高罰鍰新臺幣6,000元"
內湖區,舊宗路,2段內湖運動公園站(箱編:5028),121.574444,25.067777,"隨手清狗便，違者最高罰鍰新臺幣6,000元"
內湖區,成功路,3段61號-方濟中學前(箱編:2003),121.590249,25.076786,"隨手清狗便，違者最高罰鍰新臺幣6,000元"
內湖區,成功路,4段64號(箱編:2002),121.592608,25.082647,"隨手清狗便，違者最高罰鍰新臺幣6,000元"
內湖區,康寧路,3段18號(箱編:3017),121.60746,25.072419,"隨手清狗便，違者最高罰鍰新臺幣6,000元"
內湖區,康寧路,3段54-5號公車站牌前(箱編:3010),121.609292,25.071611,"隨手清狗便，違者最高罰鍰新臺幣6,000元"
內湖區,行善路,417巷口(箱編:1026),121.58584,25.06487,"隨手清狗便，違者最高罰鍰新臺幣6,000元"
內湖區,民權東路,6段138號新湖國小站牌(箱編:1001),121.58877,25.068902,"隨手清狗便，違者最高罰鍰新臺幣6,000元"
內湖區,行善路,金豐街交叉口(箱編:1027),121.58609,25.06602,"隨手清狗便，違者最高罰鍰新臺幣6,000元"
內湖區,民權東路,6段173號公車站牌旁(箱編:1016),121.595968,25.068342,"隨手清狗便，違者最高罰鍰新臺幣6,000元"
內湖區,民權東路,6段191巷口(箱編:1010),121.597666,25.067621,"隨手清狗便，違者最高罰鍰新臺幣6,000元"
內湖區,民權東路,6段208號網球中心站牌(箱編:1008),121.596793,25.067759,"隨手清狗便，違者最高罰鍰新臺幣6,000元"
內湖區,成功路,5段39號前(箱編:3005),121.606994,25.07762,"隨手清狗便，違者最高罰鍰新臺幣6,000元"
內湖區,康寧路,3段220號前站牌(箱編:3012),121.611502,25.067608,"隨手清狗便，違者最高罰鍰新臺幣6,000元"
內湖區,瑞光路,110號公館山站牌(箱編:5029),121.580858,25.072042,"隨手清狗便，違者最高罰鍰新臺幣6,000元"
內湖區,內湖路,1段285巷口西湖捷運站旁(箱編:4017),121.566565,25.082324,"隨手清狗便，違者最高罰鍰新臺幣6,000元"
內湖區,民權東路,6段471號公車站牌(箱編:3008),121.604954,25.072516,"隨手清狗便，違者最高罰鍰新臺幣6,000元"
內湖區,成功路,5段大湖公園2觀景台(箱編:2010),121.6044519,25.0822805,"隨手清狗便，違者最高罰鍰新臺幣6,000元"
內湖區,內湖路,1段285巷西湖市場前(箱編:4026),121.566609,25.082304,"隨手清狗便，違者最高罰鍰新臺幣6,000元"
內湖區,潭美街,587號內湖復育園區01(山丘底部前方),121.6046515,25.0611252,"隨手清狗便，違者最高罰鍰新臺幣6,000元"
內湖區,潭美街,587號內湖復育園區02(山丘底部廁所旁),121.6052081,25.060543,"隨手清狗便，違者最高罰鍰新臺幣6,000元"
內湖區,潭美街,852號(潭美毛寶貝快樂公園01),121.60773,25.062632,"隨手清狗便，違者最高罰鍰新臺幣6,000元"
內湖區,潭美街,852號(潭美毛寶貝快樂公園02),121.607619,25.062493,"隨手清狗便，違者最高罰鍰新臺幣6,000元"
內湖區,潭美街,852號(臺北市動物之家01),121.609013,25.063005,"隨手清狗便，違者最高罰鍰新臺幣6,000元"
內湖區,潭美街,852號(臺北市動物之家02),121.609258,25.063063,"隨手清狗便，違者最高罰鍰新臺幣6,000元"
內湖區,堤頂大道,2段(北勢湖公園狗活動區01),121.561291,25.083981,"隨手清狗便，違者最高罰鍰新臺幣6,000元"
內湖區,堤頂大道,2段(北勢湖公園狗活動區02),121.561526,25.083554,"隨手清狗便，違者最高罰鍰新臺幣6,000元"
內湖區,潭美街,成美右岸河濱公園(彩虹橋下),121.576487,25.052766,"隨手清狗便，違者最高罰鍰新臺幣6,000元"
內湖區,內湖路,1段91巷39弄35-1號九華公園,121.561247,25.088539,"隨手清狗便，違者最高罰鍰新臺幣6,000元"
內湖區,內湖路,1段91巷35弄40號對面文湖公園,121.561213,25.087481,"隨手清狗便，違者最高罰鍰新臺幣6,000元"
內湖區,環山路,1段136巷10弄10號對面西安公園,121.567882,25.087243,"隨手清狗便，違者最高罰鍰新臺幣6,000元"
內湖區,內湖路,1段217巷旁西康公園,121.564574,25.083311,"隨手清狗便，違者最高罰鍰新臺幣6,000元"
內湖區,成功路,5段31號大湖公園,121.603461,25.080564,"隨手清狗便，違者最高罰鍰新臺幣6,000元"
內湖區,內湖路,1段387巷3弄5-11號旁西湖公園,121.570563,25.084089,"隨手清狗便，違者最高罰鍰新臺幣6,000元"
內湖區,金龍路,213巷1弄28號前金瑞公園,121.588027,25.087844,"隨手清狗便，違者最高罰鍰新臺幣6,000元"
內湖區,內湖路,3段60巷10號前碧山公園,121.592181,25.08727,"隨手清狗便，違者最高罰鍰新臺幣6,000元"
內湖區,安泰街,33巷底安泰公園,121.618773,25.074024,"隨手清狗便，違者最高罰鍰新臺幣6,000元"
內湖區,康樂街,110巷16弄20號東湖4號公園(康樂派出所前),121.617929,25.070613,"隨手清狗便，違者最高罰鍰新臺幣6,000元"
內湖區,內湖路,2段175號碧湖公園01(國立臺灣戲曲學院旁),121.58124,25.083291,"隨手清狗便，違者最高罰鍰新臺幣6,000元"
內湖區,內湖路,2段175號碧湖公園02(國立臺灣戲曲學院旁),121.585918,25.081204,"隨手清狗便，違者最高罰鍰新臺幣6,000元"
內湖區,內湖路,2段175號碧湖公園03(國立臺灣戲曲學院旁),121.583237,25.080144,"隨手清狗便，違者最高罰鍰新臺幣6,000元"
內湖區,成功路,2段312巷62號對面湖興公園,121.589348,25.06694,"隨手清狗便，違者最高罰鍰新臺幣6,000元"
內湖區,成功路,2段189號旁下灣公園01,121.592516,25.06626,"隨手清狗便，違者最高罰鍰新臺幣6,000元"
內湖區,成功路,2段189號旁下灣公園02,121.595076,25.065229,"隨手清狗便，違者最高罰鍰新臺幣6,000元"
內湖區,環山路,1段59巷14弄2號對面仙樹公園,121.56815,25.085432,"隨手清狗便，違者最高罰鍰新臺幣6,000元"
內湖區,成功路,4段223巷旁成功公園綠地,121.597115,25.082788,"隨手清狗便，違者最高罰鍰新臺幣6,000元"
內湖區,大湖街,160巷18弄2號對面湖山四號公園,121.600745,25.081309,"隨手清狗便，違者最高罰鍰新臺幣6,000元"
內湖區,大湖街,158巷39號旁湖山五號公園,121.600802,25.081545,"隨手清狗便，違者最高罰鍰新臺幣6,000元"
內湖區,康樂街,61巷15弄旁樂活公園,121.619024,25.068441,"隨手清狗便，違者最高罰鍰新臺幣6,000元"
內湖區,南京東路,6段北側明美公園(內湖五期重劃區),121.586651,25.061511,"隨手清狗便，違者最高罰鍰新臺幣6,000元"
內湖區,陽光街,55號紫陽綠地01,121.586538,25.077115,"隨手清狗便，違者最高罰鍰新臺幣6,000元"
內湖區,陽光街,55號紫陽綠地02,121.586544,25.076975,"隨手清狗便，違者最高罰鍰新臺幣6,000元"
內湖區,陽光街,55號紫陽綠地03,121.585953,25.077142,"隨手清狗便，違者最高罰鍰新臺幣6,000元"
內湖區,康寧路,3段189巷163弄17號前東湖一號公園,121.611844,25.075612,"隨手清狗便，違者最高罰鍰新臺幣6,000元"
內湖區,康寧路,3段99巷39弄27號前東湖二號公園,121.610951,25.073677,"隨手清狗便，違者最高罰鍰新臺幣6,000元"
內湖區,成功路,4段167巷16號對面清白公園,121.595434,25.081697,"隨手清狗便，違者最高罰鍰新臺幣6,000元"
內湖區,內湖路,2段179巷湖濱公園,121.587621,25.081538,"隨手清狗便，違者最高罰鍰新臺幣6,000元"
士林區,福國路,95之15號(箱編:5002),121.52208,25.101574,"隨手清狗便，違者最高罰鍰新臺幣6,000元"
士林區,文昌路,211之3號(箱編:5027),121.52037,25.100141,"隨手清狗便，違者最高罰鍰新臺幣6,000元"
士林區,中山北路,7段141巷43號下方公園旁(箱編:2012),121.530194,25.124294,"隨手清狗便，違者最高罰鍰新臺幣6,000元"
士林區,中山北路,7段141巷43號體惠幼稚園旁(箱編:2013),121.530527,25.124852,"隨手清狗便，違者最高罰鍰新臺幣6,000元"
士林區,忠誠路,2段178巷對面(箱編:2042),121.5338114,25.11589606,"隨手清狗便，違者最高罰鍰新臺幣6,000元"
士林區,中正路,409號對面(箱編:3095),121.52095,25.09405,"隨手清狗便，違者最高罰鍰新臺幣6,000元"
士林區,延平北路,5段2之1號福德綠地前右邊4公尺(箱編:1010),121.511395,25.078996,"隨手清狗便，違者最高罰鍰新臺幣6,000元"
士林區,中山北路,5段與福林路交叉口(箱編:3023),121.52819,25.093807,"隨手清狗便，違者最高罰鍰新臺幣6,000元"
士林區,士商路,189號科教館右側(箱編:4005),121.516028,25.095847,"隨手清狗便，違者最高罰鍰新臺幣6,000元"
士林區,環河北路,3段95號葫蘆國小旁-靠延平北路5段285巷口(箱編:1007),121.506822,25.083876,"隨手清狗便，違者最高罰鍰新臺幣6,000元"
士林區,至誠路,1段62巷對面至誠公園前(箱編:5010),121.5362442,25.1015165,"隨手清狗便，違者最高罰鍰新臺幣6,000元"
士林區,忠誠路,2段104號對面(箱編:2019),121.531615,25.112977,"隨手清狗便，違者最高罰鍰新臺幣6,000元"
士林區,中山北路,6段405巷左側-天壽2號公園(箱編:2020),121.5265733,25.11304639,"隨手清狗便，違者最高罰鍰新臺幣6,000元"
士林區,中山北路,6段405巷右側-天壽2號公園(箱編:2022),121.5264996,25.11291038,"隨手清狗便，違者最高罰鍰新臺幣6,000元"
士林區,中山北路,6段419巷1號旁(箱編:2026),121.5266871,25.11326209,"隨手清狗便，違者最高罰鍰新臺幣6,000元"
士林區,忠誠路,2段98巷對面天母棒球場(箱編:2014),121.5314705,25.1128502,"隨手清狗便，違者最高罰鍰新臺幣6,000元"
士林區,至善路,1段(至善公園福林狗活動區01),121.539885,25.097834,"隨手清狗便，違者最高罰鍰新臺幣6,000元"
士林區,至善路,1段(至善公園福林狗活動區02),121.539846,25.097864,"隨手清狗便，違者最高罰鍰新臺幣6,000元"
士林區,重慶北路,4段與中正路交叉口(湖東狗活動區01),121.510654,25.086554,"隨手清狗便，違者最高罰鍰新臺幣6,000元"
士林區,重慶北路,4段與中正路交叉口(湖東狗活動區02),121.510666,25.086646,"隨手清狗便，違者最高罰鍰新臺幣6,000元"
士林區,重慶北路,4段49巷底越堤綠地(福順狗運動公園01),121.514739,25.080923,"隨手清狗便，違者最高罰鍰新臺幣6,000元"
士林區,重慶北路,4段49巷底越堤綠地(福順狗運動公園02),121.514485,25.081409,"隨手清狗便，違者最高罰鍰新臺幣6,000元"
士林區,通河東街,1段6巷底越堤綠地(三腳渡狗活動區),121.516711,25.08147,"隨手清狗便，違者最高罰鍰新臺幣6,000元"
士林區,文林路,雙溪左岸河濱公園(士林橋下),121.523646,25.098721,"隨手清狗便，違者最高罰鍰新臺幣6,000元"
士林區,文林路,雙溪右岸河濱公園(士林橋下),121.52341,25.099246,"隨手清狗便，違者最高罰鍰新臺幣6,000元"
士林區,中山北路,5段378巷以北士林官邸公園01(第5號公廁前),121.52822,25.0916,"隨手清狗便，違者最高罰鍰新臺幣6,000元"
士林區,中山北路,5段378巷以北士林官邸公園02(擴建區拱橋旁),121.52878,25.09155,"隨手清狗便，違者最高罰鍰新臺幣6,000元"
士林區,天母東路,69巷口天和一號公園(草皮區紅磚花台前),121.53457,25.11849,"隨手清狗便，違者最高罰鍰新臺幣6,000元"
士林區,德行西路,30號德行公園(超商招牌旁),121.52378,25.10468,"隨手清狗便，違者最高罰鍰新臺幣6,000元"
士林區,基河路,14號對面D-2基隆河北-劍潭站南段線形公園01(工具箱後面),121.52419,25.08156,"隨手清狗便，違者最高罰鍰新臺幣6,000元"
士林區,基河路,14號對面D-2基隆河北-劍潭站南段線形公園02(捷運劍潭站轉乘停車場旁),121.52421,25.08242,"隨手清狗便，違者最高罰鍰新臺幣6,000元"
士林區,承德路,4段6巷56號明勝公園(告示牌後面),121.51926,25.07989,"隨手清狗便，違者最高罰鍰新臺幣6,000元"
士林區,中正路,與重慶北路4段交叉口社正公園01(洗手台旁),121.51061,25.08771,"隨手清狗便，違者最高罰鍰新臺幣6,000元"
士林區,中正路,與重慶北路4段交叉口社正公園02(社子里公布欄旁),121.51044,25.08818,"隨手清狗便，違者最高罰鍰新臺幣6,000元"
士林區,福港街,107巷福中公園01(前出入口旁),121.51888,25.08832,"隨手清狗便，違者最高罰鍰新臺幣6,000元"
士林區,福港街,107巷福中公園02(後出入口旁),121.51885,25.08752,"隨手清狗便，違者最高罰鍰新臺幣6,000元"
士林區,忠勇街,40巷20弄底福志公園(福志里公布欄旁),121.53435,25.09947,"隨手清狗便，違者最高罰鍰新臺幣6,000元"
士林區,至善路,2段221號原住民文化主題公園(公共藝術石碑後面),121.55109,25.10092,"隨手清狗便，違者最高罰鍰新臺幣6,000元"
士林區,中正路,與志成街交叉口志成公園(路燈001旁),121.53201,25.09702,"隨手清狗便，違者最高罰鍰新臺幣6,000元"
士林區,中山北路,與福林路交叉口福林公園01(路燈036旁),121.52865,25.09422,"隨手清狗便，違者最高罰鍰新臺幣6,000元"
士林區,中山北路,與福林路交叉口福林公園02(Ubike租賃站旁),121.53023,25.09598,"隨手清狗便，違者最高罰鍰新臺幣6,000元"
士林區,至善路,2段284巷19號外雙溪公園,121.55255,25.101244,"隨手清狗便，違者最高罰鍰新臺幣6,000元"
士林區,華聲街,20號對面華聲公園,121.522321,25.095903,"隨手清狗便，違者最高罰鍰新臺幣6,000元"
士林區,後港街,134巷前港公園01(涼亭附近),121.52021,25.08645,"隨手清狗便，違者最高罰鍰新臺幣6,000元"
士林區,後港街,前港公園02(停車場出入口後方),121.521135,25.08602,"隨手清狗便，違者最高罰鍰新臺幣6,000元"
士林區,前港街,58巷前港公園03,121.52069,25.08491,"隨手清狗便，違者最高罰鍰新臺幣6,000元"
士林區,華齡街,前港公園04(大榕樹露天桌椅旁),121.51969,25.08574,"隨手清狗便，違者最高罰鍰新臺幣6,000元"
士林區,至誠路,1段與雨聲街交叉口芝山公園01(百二崁),121.53265,25.10228,"隨手清狗便，違者最高罰鍰新臺幣6,000元"
士林區,至誠路,1段與雨聲街交叉口芝山公園02(惠濟宮停車場旁),121.52987,25.1025,"隨手清狗便，違者最高罰鍰新臺幣6,000元"
士林區,至誠路,1段與雨聲街交叉口芝山公園03(陽明醫院對面),121.53104,25.10451,"隨手清狗便，違者最高罰鍰新臺幣6,000元"
士林區,中山北路,6段與忠誠路1段交叉口忠誠公園,121.52541,25.10362,"隨手清狗便，違者最高罰鍰新臺幣6,000元"
士林區,至誠路,1段215號旁名山公園(雨農橋附近),121.532386,25.101509,"隨手清狗便，違者最高罰鍰新臺幣6,000元"
士林區,中山北路,7段114巷旁東和公園(靠東和橋旁),121.53343,25.12295,"隨手清狗便，違者最高罰鍰新臺幣6,000元"
士林區,中山北路,7段141巷天母公園01,121.53075,25.12646,"隨手清狗便，違者最高罰鍰新臺幣6,000元"
士林區,中山北路,7段141巷天母公園02,121.53158,25.1277,"隨手清狗便，違者最高罰鍰新臺幣6,000元"
士林區,美崙街,152巷美崙公園01(兒童新樂園對面),121.51692,25.09754,"隨手清狗便，違者最高罰鍰新臺幣6,000元"
士林區,美崙街,152巷美崙公園02(遊戲場旁),121.51785,25.0973,"隨手清狗便，違者最高罰鍰新臺幣6,000元"
士林區,美崙街,152巷美崙公園03(大草原),121.51889,25.0971,"隨手清狗便，違者最高罰鍰新臺幣6,000元"
士林區,劍潭路,與後港街2巷口基隆河沖洗溝加蓋綠地01,121.521373,25.083644,"隨手清狗便，違者最高罰鍰新臺幣6,000元"
士林區,劍潭路,80號龍門廣場前基隆河沖洗溝加蓋綠地02,121.520551,25.083032,"隨手清狗便，違者最高罰鍰新臺幣6,000元"
士林區,劍潭路,50號前基隆河沖洗溝加蓋綠地03,121.521972,25.083613,"隨手清狗便，違者最高罰鍰新臺幣6,000元"
士林區,故宮路,15巷底士林206號番仔田綠地(告示牌旁),121.548132,25.097795,"隨手清狗便，違者最高罰鍰新臺幣6,000元"
士林區,延平北路,5段257巷15弄口士林139號綠地,121.509014,25.084734,"隨手清狗便，違者最高罰鍰新臺幣6,000元"
士林區,福林路,100巷11弄士林4號廣場,121.532418,25.095922,"隨手清狗便，違者最高罰鍰新臺幣6,000元"
北投區,大業路,368號旁公車站牌(箱編:2008),121.497415,25.12915,"隨手清狗便，違者最高罰鍰新臺幣6,000元"
北投區,公館路,433號對面(箱編:1016),121.502064,25.12039,"隨手清狗便，違者最高罰鍰新臺幣6,000元"
北投區,天母西路,107號對面振興公園公車站(箱編:1027),121.52335,25.11876,"隨手清狗便，違者最高罰鍰新臺幣6,000元"
北投區,北投路,2段3號公園前-左側(箱編:2022),121.497987,25.132064,"隨手清狗便，違者最高罰鍰新臺幣6,000元"
北投區,石牌路,2段322號旁-榮光新村站(箱編:1021),121.52275,25.11979,"隨手清狗便，違者最高罰鍰新臺幣6,000元"
北投區,石牌路,2段單號-榮村新光站(箱編:1028),121.52261,25.1198,"隨手清狗便，違者最高罰鍰新臺幣6,000元"
北投區,明德路,365號旁(箱編:1031),121.52185,25.11759,"隨手清狗便，違者最高罰鍰新臺幣6,000元"
北投區,東昇路,18份福德宮公車站牌旁(箱編:4001),121.522308,25.147628,"隨手清狗便，違者最高罰鍰新臺幣6,000元"
北投區,幽雅路,與杏林巷口(箱編:4013),121.514185,25.13868,"隨手清狗便，違者最高罰鍰新臺幣6,000元"
北投區,承德路,7段雙號-大同公司站(箱編:1002),121.50128,25.11998,"隨手清狗便，違者最高罰鍰新臺幣6,000元"
北投區,大業路,37號旁公車站牌(箱編:2009),121.499134,25.12288,"隨手清狗便，違者最高罰鍰新臺幣6,000元"
北投區,大度路,3段250號對面(箱編:3009),121.467446,25.123427,"隨手清狗便，違者最高罰鍰新臺幣6,000元"
北投區,中央北路,2段70號前(箱編:2014),121.492611,25.1381,"隨手清狗便，違者最高罰鍰新臺幣6,000元"
北投區,泉源路,大磺嘴公車站牌旁(箱編:4009),121.522556,25.142548,"隨手清狗便，違者最高罰鍰新臺幣6,000元"
北投區,洲美街,122號洲美公園(洲美狗活動區01),121.50638,25.099996,"隨手清狗便，違者最高罰鍰新臺幣6,000元"
北投區,洲美街,122號洲美公園(洲美狗活動區02),121.506394,25.09983,"隨手清狗便，違者最高罰鍰新臺幣6,000元"
北投區,大業路,捷運高架橋交會處綠地(大同狗活動區01),121.497216,25.133599,"隨手清狗便，違者最高罰鍰新臺幣6,000元"
北投區,大業路,捷運高架橋交會處綠地(大同狗活動區02),121.496926,25.134086,"隨手清狗便，違者最高罰鍰新臺幣6,000元"
北投區,中和街,200號復興公園01(遊戲區),121.50353,25.13984,"隨手清狗便，違者最高罰鍰新臺幣6,000元"
北投區,中和街,200號復興公園02(公廁後方草皮區),121.503226,25.13941,"隨手清狗便，違者最高罰鍰新臺幣6,000元"
北投區,光明路,與中山路交叉口七星公園(新北投捷運站旁),121.50234,25.13641,"隨手清狗便，違者最高罰鍰新臺幣6,000元"
北投區,石牌路,1段39巷石牌公園01(運動中心後方),121.51111,25.11622,"隨手清狗便，違者最高罰鍰新臺幣6,000元"
北投區,石牌路,1段39巷石牌公園02(溜冰場旁),121.50951,25.11656,"隨手清狗便，違者最高罰鍰新臺幣6,000元"
北投區,石牌路,1段39巷石牌公園03,121.509526,25.116779,"隨手清狗便，違者最高罰鍰新臺幣6,000元"
北投區,石牌路,1段39巷石牌公園04(運動中心後方),121.51112,25.11622,"隨手清狗便，違者最高罰鍰新臺幣6,000元"
北投區,明德路,150巷3弄榮華公園,121.523011,25.11141,"隨手清狗便，違者最高罰鍰新臺幣6,000元"
北投區,榮華三路,榮富公園(六角涼亭後方),121.524421,25.11401,"隨手清狗便，違者最高罰鍰新臺幣6,000元"
北投區,新興路,72號對面稻香公園(四角涼亭旁),121.488571,25.140996,"隨手清狗便，違者最高罰鍰新臺幣6,000元"
北投區,石牌路,2段與天母北路櫻花崗公園01,121.526004,25.123324,"隨手清狗便，違者最高罰鍰新臺幣6,000元"
北投區,石牌路,2段與天母北路櫻花崗公園02,121.525156,25.122144,"隨手清狗便，違者最高罰鍰新臺幣6,000元"
北投區,承德路,7段378號立農公園01,121.503975,25.119782,"隨手清狗便，違者最高罰鍰新臺幣6,000元"
北投區,承德路,7段378號立農公園02,121.503459,25.118729,"隨手清狗便，違者最高罰鍰新臺幣6,000元"
北投區,珠海路,120號附近泉源48號公園01,121.50763,25.14212,"隨手清狗便，違者最高罰鍰新臺幣6,000元"
北投區,珠海路,120號附近泉源48號公園02,121.50915,25.14182,"隨手清狗便，違者最高罰鍰新臺幣6,000元"
北投區,石牌路,2段343巷8號行義公園01,121.52534,25.12521,"隨手清狗便，違者最高罰鍰新臺幣6,000元"
北投區,石牌路,2段343巷8號行義公園02,121.52425,25.12437,"隨手清狗便，違者最高罰鍰新臺幣6,000元"
北投區,三合街,1段118巷奇岩1號公園(轉彎處旁),121.504111,25.127521,"隨手清狗便，違者最高罰鍰新臺幣6,000元"
北投區,三合街,1段82巷50弄與三合街1段36巷交叉口公館公園,121.50589,25.12838,"隨手清狗便，違者最高罰鍰新臺幣6,000元"
