ID(序號),Area(行政區),Address(地址),Longitude(經度),Latitude(緯度)
1,松山區,臺北市松山區南京東路4段與敦化北路口(箱編:3019),121.549319,25.052197
2,松山區,臺北市松山區民生東路5段180號前(箱編:4013),121.5633012,25.0584047
3,松山區,臺北市松山區三民路113巷口(箱編:4035),121.56342,25.057956
4,松山區,臺北市松山區民生東路5段188號前(箱編:4032),121.5619842,25.0586844
5,松山區,臺北市松山區民權東路5段10號(箱編:4010),121.563652,25.06279
6,松山區,臺北市松山區民權東路4段200號前(箱編:4054),121.562868,25.06273
7,松山區,臺北市松山區健康路健康路174號長壽公園人行道(箱編:0000),121.5589966,25.0538041
8,松山區,臺北市松山區南京東路5段346號公園入口佈告欄(箱編:0000),121.569131,25.051108
9,松山區,臺北市松山區民生東路5段186號前(箱編:4033),121.563605,25.058502
10,松山區,臺北市松山區健康路325巷7號公佈欄(箱編:0000),121.567131,25.055672
11,松山區,臺北市松山區光復北路165巷口(箱編:4009),121.555448,25.057199
12,松山區,臺北市松山區民生東路5段163之1號右側(箱編:4003),121.56305,25.059082
13,松山區,臺北市松山區南京東路4段55之1號-捷運台北小巨蛋5號出口附近(箱編:1014),121.5522933,25.0517606
14,松山區,臺北市松山區三民路64號(箱編:1015),121.563908,25.054931
15,松山區,臺北市松山區寶清街21號公園入口處公佈欄(箱編:0000),121.568823,25.050216
16,松山區,臺北市松山區敦化北路5號市立體育場公車站旁(箱編:2030),121.549221,25.049045
17,松山區,臺北市松山區南京東路4段2號捷運小巨蛋2號出口(箱編:2058),121.550791,25.051583
18,松山區,臺北市松山區敦化北路2號-八德路2段與敦化北路交叉口公車站對面(箱編:2078),121.548629,25.048381
19,松山區,臺北市松山區敦化北路150號(箱編:2003),121.548679,25.054613
20,松山區,臺北市松山區敦化北路100號(箱編:2005),121.548661,25.053381
21,松山區,臺北市松山區撫遠街塔悠路(迎風狗運動公園01),121.565726,25.072076
22,松山區,臺北市松山區撫遠街塔悠路(迎風狗運動公園02),121.56558,25.071985
23,松山區,臺北市松山區撫遠街塔悠路(迎風狗運動公園03),121.565468,25.072416
24,松山區,臺北市松山區撫遠街塔悠路(迎風狗運動公園04),121.56496,25.072211
25,松山區,臺北市松山區撫遠街塔悠路(迎風狗運動公園05),121.565037,25.07176
26,松山區,臺北市松山區撫遠街塔悠路(迎風狗運動公園06),121.564884,25.071703
27,松山區,臺北市松山區松河街成美左岸河濱公園(彩虹橋下),121.57673,25.051548
28,松山區,臺北市松山區民生東路4段97巷4弄20號旁富錦五號公園(洗手台旁),121.553706,25.058881
29,松山區,臺北市松山區民生東路4段105號旁富錦六號公園(告示牌旁),121.553175,25.058216
30,松山區,臺北市松山區敦化北路244巷31號前民有一號公園(佈告欄旁),121.547524,25.060635
31,松山區,臺北市松山區民生東路3段113巷14號前民有二號公園(佈告欄旁),121.546396,25.05978
32,松山區,臺北市松山區民生東路4段97巷6弄2號旁精忠公園(工具箱旁),121.552367,25.059449
33,松山區,臺北市松山區健康路174號旁長壽公園(垃圾桶旁),121.558764,25.053466
34,松山區,臺北市松山區撫遠街367巷至389巷底撫遠公園(涼亭區),121.566731,25.064952
35,信義區,臺北市信義區松智路與松廉路口-信義廣場(編號:1060),121.565492,25.033955
36,信義區,臺北市信義區仁愛路4段國父紀念館大門左側(編號:1011),121.5589422,25.0377402
37,信義區,臺北市信義區信義路5段6號(編號:3003),121.560315,25.032894
38,信義區,臺北市信義區仁愛路4段與逸仙路口-1國父紀念館(編號:1015),121.561691,25.03761
39,信義區,臺北市信義區光復南路光復國小-1(編號:1032),121.5577379,25.0403813
40,信義區,臺北市信義區仁愛路4段與光復南路口-2(編號:1010),121.5578921,25.0377966
41,信義區,臺北市信義區忠孝東路4段與逸仙路口(編號:1006),121.561509,25.041137
42,信義區,臺北市信義區基隆路2段21號(編號:3002),121.5591208,25.0319925
43,信義區,臺北市信義區逸仙路與松高路口(編號:1043),121.561459,25.03908
44,信義區,臺北市信義區基隆路2段131-22號(箱編:0000),121.5562783,25.0273456
45,信義區,臺北市信義區松隆路松山車站公車站牌前(編號:2004),121.578875,25.048221
46,信義區,臺北市信義區忠孝東路5段723號對面公車站牌旁-春光公園(編號:5004),121.58077,25.04264
47,信義區,臺北市信義區市民大道6段與松山車站西門對面(編號:2003),121.5784438,25.04899609
48,信義區,臺北市信義區信義路5段11號信義廣場(信義廣場狗活動區),121.56598,25.033635
49,信義區,臺北市信義區松德路180巷松德公園,121.572989,25.035396
50,信義區,臺北市信義區松勇路47號旁信義安康公園,121.569906,25.035445
51,信義區,臺北市信義區信義路6段76巷2弄松友公園,121.576429,25.034237
52,信義區,臺北市信義區信義路6段76巷8弄虎林公園,121.574763,25.031224
53,信義區,臺北市信義區吳興街583巷與600巷67弄間泰和公園,121.571024,25.019113
54,信義區,臺北市信義區莊敬路197巷眷村文化公園,121.561985,25.030869
55,信義區,臺北市信義區松山路永春陂濕地公園01,121.580791,25.033055
56,信義區,臺北市信義區松山路永春陂濕地公園02,121.581156,25.033993
57,信義區,臺北市信義區永吉路30巷102弄厚生廣場,121.567811,25.043543
58,信義區,臺北市信義區吳興街220巷59弄旁景勤1號公園01,121.561531,25.026801
59,信義區,臺北市信義區吳興街220巷59弄旁景勤1號公園02,121.5616,25.026744
60,信義區,臺北市信義區吳興街220巷59弄旁景勤1號公園03,121.561032,25.028009
61,信義區,臺北市信義區虎林街164巷與松德路邊中全公園,121.5754438,25.038592
62,信義區,臺北市信義區永吉路120巷80弄富生三公園,121.569332,25.04282
63,信義區,臺北市信義區基隆路1段109巷與松隆路邊革新公園,121.567316,25.043706
64,信義區,臺北市信義區松隆路272號與永吉路225巷邊五常公園,121.574297,25.047432
65,信義區,臺北市信義區莊敬路289巷口景平公園,121.563989,25.029786
66,信義區,臺北市信義區吳興街156巷40弄與吳興街118巷間三興公園,121.559772,25.028588
67,信義區,臺北市信義區信安街67巷景勤2號公園,121.5579557,25.02607938
68,信義區,臺北市信義區吳興街600巷旁糶米公園,121.5718749,25.01850836
69,大安區,臺北市大安區和平東路1段162號(箱編:4004 ),121.527504,25.02657
70,大安區,臺北市大安區和平東路2段20號前(箱編:7015 ),121.536181,25.025722
71,大安區,臺北市大安區敦化南路2段120號鳳雛公園(箱編:5012 ),121.548455,25.0265281
72,大安區,臺北市大安區和平東路2段與瑞安街口(箱編:6027 ),121.53868,25.025691
73,大安區,臺北市大安區瑞安街與和平東路2段交叉口(箱編:6026 ),121.539077,25.025627
74,大安區,臺北市大安區新生南路2段36號(箱編:4012 ),121.533551,25.030343
75,大安區,臺北市大安區和平東路2段大安森林公園站牌(箱編:6030 ),121.536437,25.025973
76,大安區,臺北市大安區愛國東路31號(箱編:4032 ),121.525628,25.031948
77,大安區,臺北市大安區和平東路1段22號(箱編:4005),121.523637,25.026881
78,大安區,臺北市大安區愛國東路244號(箱編:4033 ),121.525438,25.031802
79,大安區,臺北市大安區仁愛路3段22號(箱編:2013 ),121.534435,25.03773127
80,大安區,臺北市大安區忠孝東路3段276巷口(箱編:2005 ),121.5423852,25.04150092
81,大安區,臺北市大安區忠孝東路3段287號(箱編:2006 ),121.5428627,25.04177309
82,大安區,臺北市大安區建國南路2段306號前公車亭(箱編:7019 ),121.53738,25.024084
83,大安區,臺北市大安區敦化南路2段成功國宅站牌(箱編:3001 ),121.549066,25.027255
84,大安區,臺北市大安區敦化南路2段29號(箱編:3003 ),121.5489996,25.0322905
85,大安區,臺北市大安區和平東路2段42-1號建國高架橋下(箱編:7002),121.537434,25.025553
86,大安區,臺北市大安區仁愛路4段296號(箱編:3010 ),121.553678,25.0375768
87,大安區,臺北市大安區和平東路1段104巷旁(箱編:4019 ),121.528326,25.026505
88,大安區,臺北市大安區基隆路與和平東路口-六張犁捷運站(箱編:5029 ),121.55262,25.023926
89,大安區,臺北市大安區忠孝東路4段120號(箱編:1017),121.547446,25.041396
90,大安區,臺北市大安區敦化南路1段226號(箱編:1032),121.548503,25.040943
91,大安區,臺北市大安區辛亥路3段239號青峰公園(青峰狗活動區),121.551481,25.015586
92,大安區,臺北市大安區基隆路4段溪洲河濱公園(福和橋下),121.532641,25.008998
93,大安區,臺北市大安區思源街古亭河濱公園(永福橋下),121.527752,25.011369
94,大安區,臺北市大安區嘉興街與樂業街交叉口嘉興公園,121.551648,25.021296
95,大安區,臺北市大安區溫州街46巷大學公園,121.532633,25.021862
96,大安區,臺北市大安區安東街52號大安公園,121.54255,25.042974
97,大安區,臺北市大安區羅斯福路3段283巷與新生南路3段86巷口溫州公園,121.531326,25.018915
98,大安區,臺北市大安區復興南路至建國南路?公圳公園,121.543276,25.043366
99,大安區,臺北市大安區復興南路1段135巷與大安路1段路口?公公園,121.545795,25.042385
100,大安區,臺北市大安區復興南路2段78巷42弄龍圖公園,121.541635,25.030503
101,大安區,臺北市大安區和平東路2段118巷6弄和平公園,121.5424319,25.0235719
102,大安區,臺北市大安區師大路92巷古莊公園(工具間旁),121.527519,25.022434
103,中山區,臺北市中山區民權東路3段榮星公園周邊近建國北路(箱編:2037),121.538313,25.062514
104,中山區,臺北市中山區龍江路公車專用道候車亭與南京東路口(箱編:4001),121.540572,25.051952
105,中山區,臺北市中山區林森北路40號(箱編:6029),121.524181,25.048144
106,中山區,臺北市中山區中山北路1段53巷口(箱編:6028),121.522716,25.049056
107,中山區,臺北市中山區林森北路15號公園周邊(箱編:6008),121.525313,25.053368
108,中山區,臺北市中山區南京東路1段1號(箱編:6013),121.522835,25.052328
109,中山區,臺北市中山區南京東路1段公車站-雙號(箱編:6010),121.525092,25.052094
110,中山區,臺北市中山區南京東路1段公車站-單號(箱編:6005),121.525722,25.05211
111,中山區,臺北市中山區林森北路14號公園周邊(箱編:6002),121.527328,25.053371
112,中山區,臺北市中山區林森北路14號公園周邊(箱編:6006),121.525526,25.053471
113,中山區,臺北市中山區渭水路3巷旁(箱編:7026),121.533556,25.045737
114,中山區,臺北市中山區中山北路3段市立美術館前(箱編:1041),121.523945,25.072079
115,中山區,臺北市中山區建國北路與南京東路口(箱編:4054),121.537157,25.052036
116,中山區,臺北市中山區中山北路3段62號圓山派出所前(箱編:1037),121.523932,25.072711
117,中山區,臺北市中山區北安路520號對面(箱編:5003),121.546367,25.079964
118,中山區,臺北市中山區濱江街大佳河濱公園(膜構旁),121.538717,25.07429
119,中山區,臺北市中山區樂群一路美堤河濱公園(天空咖啡周邊),121.560358,25.076033
120,中山區,臺北市中山區林森北路右側與市民大道2段交叉口華山公園01,121.52504,25.047954
121,中山區,臺北市中山區林森北路左側與市民大道2段交叉口華山公園02,121.525785,25.047814
122,中山區,臺北市中山區天津街左側與市民大道2段交叉口華山公園03,121.522177,25.048277
123,中山區,臺北市中山區中山北路2段65巷2弄中安公園,121.523893,25.056533
124,中山區,臺北市中山區基湖路120巷30弄中430公園(告示牌旁),121.561919,25.078461
125,中山區,臺北市中山區基湖路151巷46弄對面中431公園(告示牌旁),121.565289,25.07735
126,中山區,臺北市中山區北安路608巷14弄1號永直公園,121.550437,25.081476
127,中山區,臺北市中山區遼寧街116巷旁興國公園,121.541844,25.053112
128,中正區,臺北市中正區羅斯福路4段142號(箱編:6024),121.535972,25.012837
129,中正區,臺北市中正區天津街警政署側門旁(箱編:3021),121.521919,25.046156
130,中正區,臺北市中正區北平東路與林森北路口(箱編:3032),121.5237645,25.0463432
131,中正區,臺北市中正區信義路1段南側與中山南路口-中正紀念堂旁(箱編:2032),121.51813,25.038335
132,中正區,臺北市中正區信義路1段1號北側與中山南路口-張榮發基金會前(箱編:2027),121.517701,25.038746
133,中正區,臺北市中正區中山南路與愛國東路口-捷運站5號出口(箱編:2005),121.51712,25.034755
134,中正區,臺北市中正區公園路台大醫院3號出口-復健部(箱編:1069),121.5167524,25.0431906
135,中正區,臺北市中正區公園路台大醫院捷運站4號出入口(箱編:1071),121.5164174,25.042759
136,中正區,臺北市中正區羅斯福路3段46巷口(箱編:4031),121.525523,25.022885
137,中正區,臺北市中正區南昌路1段1-1號(箱編:4013),121.515377,25.033786
138,中正區,臺北市中正區汀州路2段19號對面螢橋國小公車站牌(箱編:4002),121.51471,25.026074
139,中正區,臺北市中正區和平西路2段植物園前(箱編:5020),121.508572,25.030945
140,中正區,臺北市中正區和平西路2段104巷口(箱編:5034),121.508276,25.03095
141,中正區,臺北市中正區公園路228公園與常德街口(箱編:1073),121.5160573,25.0415
142,中正區,臺北市中正區仁愛路1段南側與中山南路口-張榮發基金會前(箱編:2029),121.518236,25.0390875
143,中正區,臺北市中正區市民大道2段與林森北路口(華山公園狗活動區01),121.523707,25.047322
144,中正區,臺北市中正區市民大道2段與林森北路口(華山公園狗活動區02),121.523713,25.047387
145,中正區,臺北市中正區市民大道2段與林森北路口(華山公園狗活動區03),121.523476,25.047595
146,中正區,臺北市中正區市民大道2段與林森北路口(華山公園狗活動區04),121.523529,25.047602
147,中正區,臺北市中正區北平東路30號中央藝文公園01(大草坪旁跑道彎角處),121.526091,25.0468402
148,中正區,臺北市中正區北平東路30號中央藝文公園02(市民大道入口處),121.5276698,25.0468198
149,中正區,臺北市中正區凱達格蘭大道3號二二八和平公園(靠近衡陽路出口),121.5144955,25.0422985
150,中正區,臺北市中正區寧波西街181巷30號永昌公園(靠近溜滑梯的涼亭旁),121.5102214,25.0264497
151,大同區,臺北市大同區敦煌路環河北路2段口01(箱編:2016),121.510139,25.076248
152,大同區,臺北市大同區寧夏路與南京西路口鄰里公園前(箱編:4048),121.514835,25.05428
153,大同區,臺北市大同區承德路3段336號-明倫高中新大門前(箱編:1018),121.519113,25.075608
154,大同區,臺北市大同區塔城街忠孝西路口(箱編:3042),121.509598,25.048334
155,大同區,臺北市大同區平陽街10號斜對面人行道上(箱編:4011),121.516411,25.055363
156,大同區,臺北市大同區敦煌路環河北路2段口02(箱編:2021),121.510282,25.076276
157,大同區,臺北市大同區敦煌路163號對面(箱編:2023),121.511446,25.076393
158,大同區,臺北市大同區蘭州街56號對面蘭州公園(箱編:1029),121.51519,25.06411
159,大同區,臺北市大同區塔城街塔城公園之公車亭後方(箱編:3029),121.510572,25.050675
160,大同區,臺北市大同區民生西路241號天主堂旁公車站牌(箱編:4038),121.515061,25.057138
161,大同區,臺北市大同區承德路2段成淵高中前公車站(箱編:4018),121.518386,25.060865
162,大同區,臺北市大同區環河北路2段污水廠(箱編:2018),121.50911,25.07356
163,大同區,臺北市大同區忠孝西路2段11號旁(箱編:3041),121.509014,25.048448
164,大同區,臺北市大同區環河北路2段污水處理廠(箱編:2017),121.50921,25.07268
165,大同區,臺北市大同區忠孝西路2段25號旁(箱編:3044),121.508449,25.048598
166,大同區,臺北市大同區承德路3段336號明倫高中舊大門(箱編:1017),121.519837,25.075358
167,大同區,臺北市大同區承德路3段303之1號(箱編:1019),121.520205,25.075986
168,大同區,臺北市大同區民權西路84號花圃旁(箱編:4019),121.519061,25.062719
169,大同區,臺北市大同區環河北路2段延平河濱公園堤外綠地(延平狗活動區01),121.508627,25.074328
170,大同區,臺北市大同區環河北路2段延平河濱公園堤外綠地(延平狗活動區02),121.508554,25.074313
171,大同區,臺北市大同區民生西路延平河濱公園(大稻埕碼頭廣場),121.507448,25.056344
172,大同區,臺北市大同區大龍街樹德公園(告示牌旁01),121.516139,25.066691
173,大同區,臺北市大同區大龍街樹德公園(告示牌旁02),121.516174,25.066756
174,大同區,臺北市大同區民權西路184巷11弄德鄰公園(告示牌旁),121.514711,25.062033
175,大同區,臺北市大同區錦西街51號對面蔣渭水公園,121.516513,25.059894
176,大同區,臺北市大同區歸綏街241號隔壁大稻埕公園,121.510437,25.058914
177,大同區,臺北市大同區大龍街244號大龍公園,121.515605,25.070481
178,大同區,臺北市大同區蘭州街89巷蘭州公園(告示牌旁),121.515288,25.064198
179,大同區,臺北市大同區塔城街7號旁塔城公園,121.510795,25.050789
180,大同區,臺北市大同區重慶北路2段與歸綏街口歸綏公園,121.512998,25.058153
181,大同區,臺北市大同區迪化街2段243巷迪化公園(告示牌旁),121.512073,25.071172
182,大同區,臺北市大同區歸綏街250巷忠和公園,121.508776,25.057977
183,大同區,臺北市大同區重慶北路2段70巷朝陽公園01,121.513564,25.055968
184,大同區,臺北市大同區重慶北路2段70巷朝陽公園02,121.513522,25.056109
185,大同區,臺北市大同區昌吉街131巷西側國順公園,121.509857,25.066044
186,大同區,臺北市大同區敦煌路125號大同248綠地,121.513,25.0766
187,大同區,臺北市大同區迪化街364巷西北側大同249綠地,121.5098,25.0772
188,大同區,臺北市大同區迪化街364巷東南側大同250綠地,121.5097,25.0772
189,大同區,臺北市大同區環河北路敦煌路口三角綠地大同251號綠地,121.509547,25.076923
190,萬華區,臺北市萬華區青年路184號對面停車格第40號(箱編:6017),121.503385,25.0206953
191,萬華區,臺北市萬華區中華路1段90號前(箱編:1016),121.508752,25.044769
192,萬華區,臺北市萬華區環河南路1段280號之1對面公園(箱編:2015),121.500056,25.041851
193,萬華區,臺北市萬華區和平西路3段235號龍山國小大門口旁(箱編:3009),121.496302,25.0355
194,萬華區,臺北市萬華區環河南路2段278號大森幼稚園前(箱編:4012),121.491389,25.032124
195,萬華區,臺北市萬華區環河南路3段與武成街101巷口公佈欄旁(箱編:5009),121.493611,25.018889
196,萬華區,臺北市萬華區中華路1段與開封街口(箱編:1003),121.509163,25.046095
197,萬華區,臺北市萬華區環河南路3段121號旁(箱編:5010),121.49109,25.024009
198,萬華區,臺北市萬華區環河南路1段280號之1對面(箱編:2010),121.49984,25.041505
199,萬華區,臺北市萬華區環河南路3段203號(箱編:5011),121.492342,25.021614
200,萬華區,臺北市萬華區環河南路2段250巷31號對面(箱編:4002),121.489866,25.034227
201,萬華區,臺北市萬華區中華路1段100號(箱編:1009),121.508574,25.044128
202,萬華區,臺北市萬華區峨嵋街58號(箱編:2027),121.504928,25.043986
203,萬華區,臺北市萬華區西園路2段281巷口與德昌街-錦德公園(箱編:5013),121.492233,25.023097
204,萬華區,臺北市萬華區和平西路3段382巷12弄54號斜對面(箱編:4005),121.490291,25.034722
205,萬華區,臺北市萬華區水源路199號(箱編:6002),121.507341,25.02219
206,萬華區,臺北市萬華區長順街123巷口(箱編:4010),121.488865,25.032382
207,萬華區,臺北市萬華區環河南路1段280之3號前(箱編:2026),121.499565,25.041535
208,萬華區,臺北市萬華區環河南路2段93號公車站牌前(箱編:3003),121.495077,25.036347
209,萬華區,臺北市萬華區環河南路2段95號天橋旁(箱編:3001),121.494812,25.035773
210,萬華區,臺北市萬華區環河南路3段287號-公車站旁(箱編:5005),121.493468,25.018699
211,萬華區,臺北市萬華區桂林路140號前(箱編:3002),121.498611,25.038564
212,萬華區,臺北市萬華區萬大路344巷口-萬大國小旁(箱編:5015),121.499943,25.023698
213,萬華區,臺北市萬華區中華路1段136號(箱編:1010),121.50839,25.04334
214,萬華區,臺北市萬華區長順街越堤綠地(華江狗活動區01),121.486591,25.032684
215,萬華區,臺北市萬華區長順街越堤綠地(華江狗活動區02),121.489946,25.032691
216,萬華區,臺北市萬華區青年路馬場町河濱公園(馬場町廣場),121.5044161,25.0193656
217,萬華區,臺北市萬華區萬大路華中河濱公園(華中橋下),121.4946264,25.0149813
218,萬華區,臺北市萬華區水源路199號青年公園01,121.503538,25.02082
219,萬華區,臺北市萬華區水源路199號青年公園02,121.506458,25.021876
220,萬華區,臺北市萬華區西園路1段與艋舺大道交叉口和平青草園公園01,121.497217,25.032519
221,萬華區,臺北市萬華區西園路1段與艋舺大道交叉口和平青草園公園02,121.49737,25.032858
222,萬華區,臺北市萬華區西園路1段與艋舺大道交叉口和平青草園公園03,121.497299,25.032903
223,萬華區,臺北市萬華區大理街160巷旁糖?文化園區01,121.494155,25.033195
224,萬華區,臺北市萬華區大理街160巷旁糖?文化園區02,121.494652,25.033795
225,萬華區,臺北市萬華區長順街46巷旁長順公園,121.488927,25.031883
226,萬華區,臺北市萬華區漢口街與昆明街交叉口福星公園,121.505923,25.04612
227,萬華區,臺北市萬華區寶興街140巷17弄孝德公園(體健設施旁),121.494302,25.02409
228,文山區,臺北市文山區景福街120號前(箱編:1007),121.536204,24.997088
229,文山區,臺北市文山區辛亥路4段85號對面(箱編:2020),121.558562,25.007168
230,文山區,臺北市文山區指南路3段38巷16之1號-樟湖橋(箱編:4010),121.587178,24.970748
231,文山區,臺北市文山區木柵路1段公車站牌-世新大學站(箱編:3009),121.544017,24.988485
232,文山區,臺北市文山區辛亥路4段95號對面(箱編:1002),121.558522,25.006791
233,文山區,臺北市文山區羅斯福路5段215號(箱編:1004),121.539049,25.0021799
234,文山區,臺北市文山區忠順街2段22號全聯超市前右側(箱編:3001),121.563188,24.984862
235,文山區,臺北市文山區指南路3段40巷草湳橋(箱編:4031),121.605581,24.970444
236,文山區,臺北市文山區忠順街2段22號全聯超市前左側(箱編:3007),121.563108,24.984886
237,文山區,臺北市文山區指南路3段38巷18之2號旁-貓空纜車站公車站牌對面(箱編:4012),121.587896,24.968292
238,文山區,臺北市文山區木柵路5段43巷151號福德坑復育園區01(第二停車場),121.591829,25.007652
239,文山區,臺北市文山區木柵路5段43巷151號福德坑復育園區02(第五停車場),121.593839,25.01178
240,文山區,臺北市文山區木柵路5段43巷151號福德坑復育園區03(太陽能廣場),121.592726,25.00906
241,文山區,臺北市文山區新光路2段道南河濱公園左岸(萬興狗活動區01),121.57604,24.997367
242,文山區,臺北市文山區新光路2段道南河濱公園左岸(萬興狗活動區02),121.576034,24.99733
243,文山區,臺北市文山區新光路2段道南河濱公園左岸(萬興狗活動區03),121.576155,24.997847
244,文山區,臺北市文山區新光路2段道南河濱公園左岸(萬興狗活動區04),121.576144,24.997815
245,文山區,臺北市文山區同安街109巷口天橋後(古亭狗活動區),121.519886,25.02068
246,文山區,臺北市文山區木新路2段299巷道南河濱公園(恆光橋下右岸),121.5678848,24.9811451
247,文山區,臺北市文山區木柵路1段木柵河濱公園(景美溪橋上游遊戲區廣場),121.544653,24.985377
248,文山區,臺北市文山區羅斯福路6段景美河濱公園(北新橋下塗鴉區),121.539449,24.988349
249,文山區,臺北市文山區木新路3段278巷7弄11號對面木新公園,121.557892,24.982256
250,文山區,臺北市文山區忠順街1段26巷26弄口樟樹公園,121.559456,24.982896
251,文山區,臺北市文山區忠順街1段121巷7弄12號樟林公園,121.559215,24.984804
252,文山區,臺北市文山區木新路2段43巷1號旁木南公園01,121.570801,24.986102
253,文山區,臺北市文山區木新路2段43巷1號旁木南公園02,121.570793,24.987205
254,文山區,臺北市文山區光輝路9-1號光輝公園,121.555981,24.986061
255,文山區,臺北市文山區久康街39號久康公園,121.564708,24.989293
256,文山區,臺北市文山區木新路3段與辛亥路7段交叉口樟興公園,121.553812,24.980965
257,文山區,臺北市文山區萬芳路原野運動公園(木柵高工旁),121.571215,24.99767
258,文山區,臺北市文山區萬芳路與萬和街交叉口萬芳六號公園,121.569106,24.999889
259,文山區,臺北市文山區下崙路與光輝路交叉口光明公園,121.554701,24.986584
260,文山區,臺北市文山區木新路2段111巷底新榮公園01,121.570671,24.98364
261,文山區,臺北市文山區木新路2段111巷底新榮公園02,121.569961,24.983327
262,文山區,臺北市文山區木新路2段211巷10弄8號恆光公園,121.567648,24.982584
263,文山區,臺北市文山區興隆路1段251巷3弄旁景峰公園,121.544991,24.999951
264,文山區,臺北市文山區興隆路2段123號旁興豐公園,121.547391,25.000161
265,南港區,臺北市南港區忠孝東路6段209號(箱編:1007),121.588031,25.049166
266,南港區,臺北市南港區三重路與經貿二路62巷口(箱編:2037),121.614088,25.056965
267,南港區,臺北市南港區忠孝東路6段81巷口公車站旁(箱編:1016),121.584526,25.047715
268,南港區,臺北市南港區市民大道8段99號-北流公車站東側(箱編:2010),121.599195,25.052229
269,南港區,臺北市南港區市民大道8段99號-北流公車站西側(箱編:2012),121.598246,25.052127
270,南港區,臺北市南港區市民大道8段-北流無名巷(箱編:2038),121.599619,25.05326
271,南港區,臺北市南港區南港路1段360號對面南興公園東側(箱編:2009),121.607292,25.05443
272,南港區,臺北市南港區忠孝東路6段2號公車站旁(箱編:1010),121.582989,25.045213
273,南港區,臺北市南港區三重路39號(箱編:2001),121.614165,25.059647
274,南港區,臺北市南港區南深路山水綠生態公園(遊客中心),121.625026,25.029304
275,南港區,臺北市南港區南深路山水綠生態公園(咖啡木屋),121.622846,25.029277
276,南港區,臺北市南港區南深路山水綠生態公園(停車場),121.623846,25.028587
277,南港區,臺北市南港區南深路山水綠生態公園(自然溪流-位於中後段),121.62558,25.025312
278,南港區,臺北市南港區南深路山水綠生態公園(涼亭-位於遊客中心左後方之廁所附近),121.626405,25.026765
279,南港區,臺北市南港區南深路山水綠生態公園(花廊),121.624114,25.027761
280,南港區,臺北市南港區南深路山水綠生態公園(兒童遊樂場),121.624359,25.027255
281,南港區,臺北市南港區研究院路2段37巷口(箱編:3005),121.615482,25.04538
282,南港區,臺北市南港區舊莊街1段215巷口(箱編:3010),121.622829,25.038309
283,南港區,臺北市南港區研究院路2段108號-公車站旁(箱編:3008),121.616382,25.043215
284,南港區,臺北市南港區中坡南路55號(玉成公園狗活動區01),121.584247,25.042456
285,南港區,臺北市南港區中坡南路55號(玉成公園狗活動區02),121.584392,25.042349
286,南港區,臺北市南港區中坡南路55號玉成公園01,121.586473,25.042387
287,南港區,臺北市南港區中坡南路55號玉成公園02,121.584402,25.042829
288,南港區,臺北市南港區昆陽街152巷33號新勝公園01,121.59299,25.048875
289,南港區,臺北市南港區昆陽街152巷33號新勝公園02,121.593499,25.04896
290,南港區,臺北市南港區忠孝東路6段70巷10號對面萬福公園,121.584563,25.046267
291,南港區,臺北市南港區研究院路2段12巷58弄中研公園,121.612461,25.047378
292,南港區,臺北市南港區玉成街46號合樂公園,121.581832,25.048475
293,南港區,臺北市南港區東新街與市民大道交叉口玉東公園01,121.583862,25.050103
294,南港區,臺北市南港區東新街與市民大道交叉口玉東公園02,121.584248,25.050378
295,南港區,臺北市南港區東新街與市民大道交叉口玉東公園03,121.58409,25.050026
296,南港區,臺北市南港區東新街與市民大道交叉口玉東公園04,121.584554,25.050111
297,南港區,臺北市南港區永吉路536巷與中坡北路交叉口合成公園,121.581091,25.045106
298,南港區,臺北市南港區重陽路187巷旁東陽公園01,121.597948,25.057823
299,南港區,臺北市南港區重陽路187巷旁東陽公園02,121.598292,25.057213
300,南港區,臺北市南港區重陽路120號旁重陽公園01,121.599286,25.056035
301,南港區,臺北市南港區重陽路120號旁重陽公園02,121.599023,25.056503
302,南港區,臺北市南港區興南街與重陽路交叉口興南公園,121.603616,25.057285
303,南港區,臺北市南港區興華路114巷興華公園,121.60466,25.056776
304,南港區,臺北市南港區南港路2段86巷9弄東明公園,121.603375,25.05479
305,南港區,臺北市南港區南港路1段356號南側南興公園,121.607113,25.054353
306,南港區,臺北市南港區研究院路1段65巷新富公園,121.616906,25.053012
307,南港區,臺北市南港區研究院路2段35巷23弄六福公園,121.616329,25.047796
308,南港區,臺北市南港區研究院路2段61巷1弄16號福山公園,121.617737,25.044585
309,南港區,臺北市南港區舊莊街1段145巷12號前舊莊公園,121.620395,25.041294
310,南港區,臺北市南港區舊莊街1段145巷6弄28號理想公園,121.62154,25.039942
311,南港區,臺北市南港區經貿二路255巷港後公園,121.615317,25.06277
312,南港區,臺北市南港區經園街66號經貿公園,121.616604,25.062553
313,南港區,臺北市南港區研究院路2段35巷旁幸福公園,121.616059,25.046129
314,南港區,臺北市南港區八德路4段877號錫口廊道,121.579851,25.050881
315,南港區,臺北市南港區玉成街38巷東北側市民公園,121.582061,25.049452
316,南港區,臺北市南港區南港路3段109巷南側新新公園01,121.589963,25.05085
317,南港區,臺北市南港區南港路3段109巷南側新新公園02,121.589934,25.051679
318,南港區,臺北市南港區南港路3段109巷南側新新公園03,121.589003,25.051722
319,南港區,臺北市南港區南港路3段109巷南側新新公園04,121.590556,25.051198
320,南港區,臺北市南港區東新街170巷5號後側合成8號綠地01,121.5867823,25.0489737
321,南港區,臺北市南港區東新街170巷5號後側合成8號綠地02,121.5859522,25.048717
322,南港區,臺北市南港區忠孝東路6段至東新街口合成18號綠地,121.584128,25.04751
323,南港區,臺北市南港區玉成街與忠孝東路6段交叉口合心廣場01,121.583291,25.046542
324,南港區,臺北市南港區玉成街與忠孝東路6段交叉口合心廣場02,121.58287,25.046344
325,南港區,臺北市南港區南港路2段104號東新綠地01,121.5997646,25.0545287
326,南港區,臺北市南港區南港路2段104號東新綠地02,121.6008294,25.054881
327,南港區,臺北市南港區興南街272巷3號對面新陽綠地01,121.5986514,25.0547926
328,南港區,臺北市南港區興南街272巷3號對面新陽綠地02,121.597125,25.055163
329,南港區,臺北市南港區研究院路2段150巷底九如綠地01(四分溪旁),121.615903,25.0382569
330,南港區,臺北市南港區研究院路2段150巷底九如綠地02,121.615804,25.038216
331,南港區,臺北市南港區研究院路3段68巷6號四分綠地01(遊戲場),121.615303,25.036317
332,南港區,臺北市南港區研究院路3段68巷6號四分綠地02(共融遊戲場),121.614429,25.035995
333,南港區,臺北市南港區研究院路1段151巷口富南綠地,121.6156944,25.0508232
334,內湖區,臺北市內湖區文德路91號右側公園邊(箱編:4022),121.582943,25.078615
335,內湖區,臺北市內湖區成功路5段大湖公園游泳池前(箱編:2008),121.602535,25.083526
336,內湖區,臺北市內湖區康寧路3段60號明湖國中(箱編:3011),121.610886,25.070589
337,內湖區,臺北市內湖區瑞光路321號台北花市站牌(箱編:5015),121.57307,25.07734
338,內湖區,臺北市內湖區內湖路1段101號公車站牌(箱編:4011),121.5615179,25.084428
339,內湖區,臺北市內湖區內湖路1段741號左側(箱編:4005),121.578761,25.078827
340,內湖區,臺北市內湖區內湖路1段217巷口公車站牌右側(箱編:4009),121.564168,25.08309
341,內湖區,臺北市內湖區基湖路8號-內湖基湖路口站牌(箱編:5018),121.565255,25.08195
342,內湖區,臺北市內湖區內湖路1段277號公車站牌(箱編:4008),121.56579,25.082465
343,內湖區,臺北市內湖區內湖路1段225巷口(箱編:4014),121.564774,25.082788
344,內湖區,臺北市內湖區內湖路1段594號公車站牌右側(箱編:4023),121.57771,25.078965
345,內湖區,臺北市內湖區瑞光路356號台北花市站牌(箱編:5027),121.573312,25.077037
346,內湖區,臺北市內湖區內湖路1段733號公車站牌(箱編:4007),121.577909,25.079135
347,內湖區,臺北市內湖區內湖路1段729號公車站牌(箱編:4006),121.578019,25.079089
348,內湖區,臺北市內湖區文德路25號公車站牌(箱編:4003),121.580636,25.078599
349,內湖區,臺北市內湖區民權東路6段253號前人行道(箱編:1015),121.601013,25.067322
350,內湖區,臺北市內湖區成功路5段大湖公園捷運站1號出口(箱編:2012),121.602631,25.083767
351,內湖區,臺北市內湖區內湖路2段177號(箱編:2014),121.587041,25.081281
352,內湖區,臺北市內湖區成功路5段404號對面候車亭(箱編:3006),121.607143,25.075824
353,內湖區,臺北市內湖區康寧路3段81號公車站牌(箱編:3004),121.609381,25.071824
354,內湖區,臺北市內湖區成功路5段450巷23弄口-葫洲捷運站(箱編:3020),121.608274,25.072665
355,內湖區,臺北市內湖區舊宗路2段內湖運動公園站(箱編:5028),121.574444,25.067777
356,內湖區,臺北市內湖區成功路3段61號-方濟中學前(箱編:2003),121.590249,25.076786
357,內湖區,臺北市內湖區成功路4段64號(箱編:2002),121.592608,25.082647
358,內湖區,臺北市內湖區康寧路3段18號(箱編:3017),121.60746,25.072419
359,內湖區,臺北市內湖區康寧路3段54-5號公車站牌前(箱編:3010),121.609292,25.071611
360,內湖區,臺北市內湖區行善路417巷口(箱編:1026),121.58584,25.06487
361,內湖區,臺北市內湖區民權東路6段138號新湖國小站牌(箱編:1001),121.58877,25.068902
362,內湖區,臺北市內湖區行善路金豐街交叉口(箱編:1027),121.58609,25.06602
363,內湖區,臺北市內湖區民權東路6段173號公車站牌旁(箱編:1016),121.595968,25.068342
364,內湖區,臺北市內湖區民權東路6段191巷口(箱編:1010),121.597666,25.067621
365,內湖區,臺北市內湖區民權東路6段208號網球中心站牌(箱編:1008),121.596793,25.067759
366,內湖區,臺北市內湖區成功路5段39號前(箱編:3005),121.606994,25.07762
367,內湖區,臺北市內湖區康寧路3段220號前站牌(箱編:3012),121.611502,25.067608
368,內湖區,臺北市內湖區瑞光路110號公館山站牌(箱編:5029),121.580858,25.072042
369,內湖區,臺北市內湖區內湖路1段285巷口西湖捷運站旁(箱編:4017),121.566565,25.082324
370,內湖區,臺北市內湖區民權東路6段471號公車站牌(箱編:3008),121.604954,25.072516
371,內湖區,臺北市內湖區成功路5段大湖公園2觀景台(箱編:2010),121.6044519,25.0822805
372,內湖區,臺北市內湖區內湖路1段285巷西湖市場前(箱編:4026),121.566609,25.082304
373,內湖區,臺北市內湖區潭美街587號內湖復育園區01(山丘底部前方),121.6046515,25.0611252
374,內湖區,臺北市內湖區潭美街587號內湖復育園區02(山丘底部廁所旁),121.6052081,25.060543
375,內湖區,臺北市內湖區潭美街852號(潭美毛寶貝快樂公園01),121.60773,25.062632
376,內湖區,臺北市內湖區潭美街852號(潭美毛寶貝快樂公園02),121.607619,25.062493
377,內湖區,臺北市內湖區潭美街852號(臺北市動物之家01),121.609013,25.063005
378,內湖區,臺北市內湖區潭美街852號(臺北市動物之家02),121.609258,25.063063
379,內湖區,臺北市內湖區堤頂大道2段(北勢湖公園狗活動區01),121.561291,25.083981
380,內湖區,臺北市內湖區堤頂大道2段(北勢湖公園狗活動區02),121.561526,25.083554
381,內湖區,臺北市內湖區潭美街成美右岸河濱公園(彩虹橋下),121.576487,25.052766
382,內湖區,臺北市內湖區內湖路1段91巷39弄35-1號九華公園,121.561247,25.088539
383,內湖區,臺北市內湖區內湖路1段91巷35弄40號對面文湖公園,121.561213,25.087481
384,內湖區,臺北市內湖區環山路1段136巷10弄10號對面西安公園,121.567882,25.087243
385,內湖區,臺北市內湖區內湖路1段217巷旁西康公園,121.564574,25.083311
386,內湖區,臺北市內湖區成功路5段31號大湖公園,121.603461,25.080564
387,內湖區,臺北市內湖區內湖路1段387巷3弄5-11號旁西湖公園,121.570563,25.084089
388,內湖區,臺北市內湖區金龍路213巷1弄28號前金瑞公園,121.588027,25.087844
389,內湖區,臺北市內湖區內湖路3段60巷10號前碧山公園,121.592181,25.08727
390,內湖區,臺北市內湖區安泰街33巷底安泰公園,121.618773,25.074024
391,內湖區,臺北市內湖區康樂街110巷16弄20號東湖4號公園(康樂派出所前),121.617929,25.070613
392,內湖區,臺北市內湖區內湖路2段175號碧湖公園01(國立臺灣戲曲學院旁),121.58124,25.083291
393,內湖區,臺北市內湖區內湖路2段175號碧湖公園02(國立臺灣戲曲學院旁),121.585918,25.081204
394,內湖區,臺北市內湖區內湖路2段175號碧湖公園03(國立臺灣戲曲學院旁),121.583237,25.080144
395,內湖區,臺北市內湖區成功路2段312巷62號對面湖興公園,121.589348,25.06694
396,內湖區,臺北市內湖區成功路2段189號旁下灣公園01,121.592516,25.06626
397,內湖區,臺北市內湖區成功路2段189號旁下灣公園02,121.595076,25.065229
398,內湖區,臺北市內湖區環山路1段59巷14弄2號對面仙樹公園,121.56815,25.085432
399,內湖區,臺北市內湖區成功路4段223巷旁成功公園綠地,121.597115,25.082788
400,內湖區,臺北市內湖區大湖街160巷18弄2號對面湖山四號公園,121.600745,25.081309
401,內湖區,臺北市內湖區大湖街158巷39號旁湖山五號公園,121.600802,25.081545
402,內湖區,臺北市內湖區康樂街61巷15弄旁樂活公園,121.619024,25.068441
403,內湖區,臺北市內湖區南京東路6段北側明美公園(內湖五期重劃區),121.586651,25.061511
404,內湖區,臺北市內湖區陽光街55號紫陽綠地01,121.586538,25.077115
405,內湖區,臺北市內湖區陽光街55號紫陽綠地02,121.586544,25.076975
406,內湖區,臺北市內湖區陽光街55號紫陽綠地03,121.585953,25.077142
407,內湖區,臺北市內湖區康寧路3段189巷163弄17號前東湖一號公園,121.611844,25.075612
408,內湖區,臺北市內湖區康寧路3段99巷39弄27號前東湖二號公園,121.610951,25.073677
409,內湖區,臺北市內湖區成功路4段167巷16號對面清白公園,121.595434,25.081697
410,內湖區,臺北市內湖區內湖路2段179巷湖濱公園,121.587621,25.081538
411,士林區,臺北市士林區福國路95之15號(箱編:5002),121.52208,25.101574
412,士林區,臺北市士林區文昌路211之3號(箱編:5027),121.52037,25.100141
413,士林區,臺北市士林區中山北路7段141巷43號下方公園旁(箱編:2012),121.530194,25.124294
414,士林區,臺北市士林區中山北路7段141巷43號體惠幼稚園旁(箱編:2013),121.530527,25.124852
415,士林區,臺北市士林區忠誠路2段178巷對面(箱編:2042),121.5338114,25.11589606
416,士林區,臺北市士林區中正路409號對面(箱編:3095),121.52095,25.09405
417,士林區,臺北市士林區延平北路5段2之1號福德綠地前右邊4公尺(箱編:1010),121.511395,25.078996
418,士林區,臺北市士林區中山北路5段與福林路交叉口(箱編:3023),121.52819,25.093807
419,士林區,臺北市士林區士商路189號科教館右側(箱編:4005),121.516028,25.095847
420,士林區,臺北市士林區環河北路3段95號葫蘆國小旁-靠延平北路5段285巷口(箱編:1007),121.506822,25.083876
421,士林區,臺北市士林區至誠路1段62巷對面至誠公園前(箱編:5010),121.5362442,25.1015165
422,士林區,臺北市士林區忠誠路2段104號對面(箱編:2019),121.531615,25.112977
423,士林區,臺北市士林區中山北路6段405巷左側-天壽2號公園(箱編:2020),121.5265733,25.11304639
424,士林區,臺北市士林區中山北路6段405巷右側-天壽2號公園(箱編:2022),121.5264996,25.11291038
425,士林區,臺北市士林區中山北路6段419巷1號旁(箱編:2026),121.5266871,25.11326209
426,士林區,臺北市士林區忠誠路2段98巷對面天母棒球場(箱編:2014),121.5314705,25.1128502
427,士林區,臺北市士林區至善路1段(至善公園福林狗活動區01),121.539885,25.097834
428,士林區,臺北市士林區至善路1段(至善公園福林狗活動區02),121.539846,25.097864
429,士林區,臺北市士林區重慶北路4段與中正路交叉口(湖東狗活動區01),121.510654,25.086554
430,士林區,臺北市士林區重慶北路4段與中正路交叉口(湖東狗活動區02),121.510666,25.086646
431,士林區,臺北市士林區重慶北路4段49巷底越堤綠地(福順狗運動公園01),121.514739,25.080923
432,士林區,臺北市士林區重慶北路4段49巷底越堤綠地(福順狗運動公園02),121.514485,25.081409
433,士林區,臺北市士林區通河東街1段6巷底越堤綠地(三腳渡狗活動區),121.516711,25.08147
434,士林區,臺北市士林區文林路雙溪左岸河濱公園(士林橋下),121.523646,25.098721
435,士林區,臺北市士林區文林路雙溪右岸河濱公園(士林橋下),121.52341,25.099246
436,士林區,臺北市士林區中山北路5段378巷以北士林官邸公園01(第5號公廁前),121.52822,25.0916
437,士林區,臺北市士林區中山北路5段378巷以北士林官邸公園02(擴建區拱橋旁),121.52878,25.09155
438,士林區,臺北市士林區天母東路69巷口天和一號公園(草皮區紅磚花台前),121.53457,25.11849
439,士林區,臺北市士林區德行西路30號德行公園(超商招牌旁),121.52378,25.10468
440,士林區,臺北市士林區基河路14號對面D-2基隆河北-劍潭站南段線形公園01(工具箱後面),121.52419,25.08156
441,士林區,臺北市士林區基河路14號對面D-2基隆河北-劍潭站南段線形公園02(捷運劍潭站轉乘停車場旁),121.52421,25.08242
442,士林區,臺北市士林區承德路4段6巷56號明勝公園(告示牌後面),121.51926,25.07989
443,士林區,臺北市士林區中正路與重慶北路4段交叉口社正公園01(洗手台旁),121.51061,25.08771
444,士林區,臺北市士林區中正路與重慶北路4段交叉口社正公園02(社子里公布欄旁),121.51044,25.08818
445,士林區,臺北市士林區福港街107巷福中公園01(前出入口旁),121.51888,25.08832
446,士林區,臺北市士林區福港街107巷福中公園02(後出入口旁),121.51885,25.08752
447,士林區,臺北市士林區忠勇街40巷20弄底福志公園(福志里公布欄旁),121.53435,25.09947
448,士林區,臺北市士林區至善路2段221號原住民文化主題公園(公共藝術石碑後面),121.55109,25.10092
449,士林區,臺北市士林區中正路與志成街交叉口志成公園(路燈001旁),121.53201,25.09702
450,士林區,臺北市士林區中山北路與福林路交叉口福林公園01(路燈036旁),121.52865,25.09422
451,士林區,臺北市士林區中山北路與福林路交叉口福林公園02(Ubike租賃站旁),121.53023,25.09598
452,士林區,臺北市士林區至善路2段284巷19號外雙溪公園,121.55255,25.101244
453,士林區,臺北市士林區華聲街20號對面華聲公園,121.522321,25.095903
454,士林區,臺北市士林區後港街134巷前港公園01(涼亭附近),121.52021,25.08645
455,士林區,臺北市士林區後港街前港公園02(停車場出入口後方),121.521135,25.08602
456,士林區,臺北市士林區前港街58巷前港公園03,121.52069,25.08491
457,士林區,臺北市士林區華齡街前港公園04(大榕樹露天桌椅旁),121.51969,25.08574
458,士林區,臺北市士林區至誠路1段與雨聲街交叉口芝山公園01(百二崁),121.53265,25.10228
459,士林區,臺北市士林區至誠路1段與雨聲街交叉口芝山公園02(惠濟宮停車場旁),121.52987,25.1025
460,士林區,臺北市士林區至誠路1段與雨聲街交叉口芝山公園03(陽明醫院對面),121.53104,25.10451
461,士林區,臺北市士林區中山北路6段與忠誠路1段交叉口忠誠公園,121.52541,25.10362
462,士林區,臺北市士林區至誠路1段215號旁名山公園(雨農橋附近),121.532386,25.101509
463,士林區,臺北市士林區中山北路7段114巷旁東和公園(靠東和橋旁),121.53343,25.12295
464,士林區,臺北市士林區中山北路7段141巷天母公園01,121.53075,25.12646
465,士林區,臺北市士林區中山北路7段141巷天母公園02,121.53158,25.1277
466,士林區,臺北市士林區美崙街152巷美崙公園01(兒童新樂園對面),121.51692,25.09754
467,士林區,臺北市士林區美崙街152巷美崙公園02(遊戲場旁),121.51785,25.0973
468,士林區,臺北市士林區美崙街152巷美崙公園03(大草原),121.51889,25.0971
469,士林區,臺北市士林區劍潭路與後港街2巷口基隆河沖洗溝加蓋綠地01,121.521373,25.083644
470,士林區,臺北市士林區劍潭路80號龍門廣場前基隆河沖洗溝加蓋綠地02,121.520551,25.083032
471,士林區,臺北市士林區劍潭路50號前基隆河沖洗溝加蓋綠地03,121.521972,25.083613
472,士林區,臺北市士林區故宮路15巷底士林206號番仔田綠地(告示牌旁),121.548132,25.097795
473,士林區,臺北市士林區延平北路5段257巷15弄口士林139號綠地,121.509014,25.084734
474,士林區,臺北市士林區福林路100巷11弄士林4號廣場,121.532418,25.095922
475,北投區,臺北市北投區大業路368號旁公車站牌(箱編:2008),121.497415,25.12915
476,北投區,臺北市北投區公館路433號對面(箱編:1016),121.502064,25.12039
477,北投區,臺北市北投區天母西路107號對面振興公園公車站(箱編:1027),121.52335,25.11876
478,北投區,臺北市北投區北投路2段3號公園前-左側(箱編:2022),121.497987,25.132064
479,北投區,臺北市北投區石牌路2段322號旁-榮光新村站(箱編:1021),121.52275,25.11979
480,北投區,臺北市北投區石牌路2段單號-榮村新光站(箱編:1028),121.52261,25.1198
481,北投區,臺北市北投區明德路365號旁(箱編:1031),121.52185,25.11759
482,北投區,臺北市北投區東昇路18份福德宮公車站牌旁(箱編:4001),121.522308,25.147628
483,北投區,臺北市北投區幽雅路與杏林巷口(箱編:4013),121.514185,25.13868
484,北投區,臺北市北投區承德路7段雙號-大同公司站(箱編:1002),121.50128,25.11998
485,北投區,臺北市北投區大業路37號旁公車站牌(箱編:2009),121.499134,25.12288
486,北投區,臺北市北投區大度路3段250號對面(箱編:3009),121.467446,25.123427
487,北投區,臺北市北投區中央北路2段70號前(箱編:2014),121.492611,25.1381
488,北投區,臺北市北投區泉源路大磺嘴公車站牌旁(箱編:4009),121.522556,25.142548
489,北投區,臺北市北投區洲美街122號洲美公園(洲美狗活動區01),121.50638,25.099996
490,北投區,臺北市北投區洲美街122號洲美公園(洲美狗活動區02),121.506394,25.09983
491,北投區,臺北市北投區大業路捷運高架橋交會處綠地(大同狗活動區01),121.497216,25.133599
492,北投區,臺北市北投區大業路捷運高架橋交會處綠地(大同狗活動區02),121.496926,25.134086
493,北投區,臺北市北投區中和街200號復興公園01(遊戲區),121.50353,25.13984
494,北投區,臺北市北投區中和街200號復興公園02(公廁後方草皮區),121.503226,25.13941
495,北投區,臺北市北投區光明路與中山路交叉口七星公園(新北投捷運站旁),121.50234,25.13641
496,北投區,臺北市北投區石牌路1段39巷石牌公園01(運動中心後方),121.51111,25.11622
497,北投區,臺北市北投區石牌路1段39巷石牌公園02(溜冰場旁),121.50951,25.11656
498,北投區,臺北市北投區石牌路1段39巷石牌公園03,121.509526,25.116779
499,北投區,臺北市北投區石牌路1段39巷石牌公園04(運動中心後方),121.51112,25.11622
500,北投區,臺北市北投區明德路150巷3弄榮華公園,121.523011,25.11141
501,北投區,臺北市北投區榮華三路榮富公園(六角涼亭後方),121.524421,25.11401
502,北投區,臺北市北投區新興路72號對面稻香公園(四角涼亭旁),121.488571,25.140996
503,北投區,臺北市北投區石牌路2段與天母北路櫻花崗公園01,121.526004,25.123324
504,北投區,臺北市北投區石牌路2段與天母北路櫻花崗公園02,121.525156,25.122144
505,北投區,臺北市北投區承德路7段378號立農公園01,121.503975,25.119782
506,北投區,臺北市北投區承德路7段378號立農公園02,121.503459,25.118729
507,北投區,臺北市北投區珠海路120號附近泉源48號公園01,121.50763,25.14212
508,北投區,臺北市北投區珠海路120號附近泉源48號公園02,121.50915,25.14182
509,北投區,臺北市北投區石牌路2段343巷8號行義公園01,121.52534,25.12521
510,北投區,臺北市北投區石牌路2段343巷8號行義公園02,121.52425,25.12437
511,北投區,臺北市北投區三合街1段118巷奇岩1號公園(轉彎處旁),121.504111,25.127521
512,北投區,臺北市北投區三合街1段82巷50弄與三合街1段36巷交叉口公館公園,121.50589,25.12838
